episode_id,p1_archetype,p2_archetype,outcome,duration_sec,boss_hp_remaining,total_damage_to_boss,total_damage_to_players,p1_skills_unlocked,p2_skills_unlocked,phase_reached,cumulative_reward,boss_travel_dist,idle_ratio,fwd_ratio,rot_ratio,back_ratio
1,Melee,CC,TouchTimeout_Partial,30.0,0.950,300,0,1,1,0,-4.031,86.2,0.183,0.203,0.416,0.198
2,Melee,Melee,TouchTimeout_None,30.0,0.785,1291,0,1,1,0,-4.900,88.1,0.209,0.212,0.383,0.197
3,Hybrid,Ranged,TouchTimeout_None,30.0,0.950,300,0,1,1,0,-5.381,80.9,0.185,0.183,0.436,0.197
4,Hybrid,Hybrid,TouchTimeout_None,30.0,0.877,739,0,1,1,0,-5.251,81.6,0.237,0.193,0.383,0.187
5,Melee,Melee,TouchTimeout_None,30.0,0.920,480,0,1,1,0,-4.863,89.1,0.213,0.230,0.380,0.177
6,CC,Melee,TouchTimeout_None,30.0,0.947,321,57,1,1,0,-4.738,91.5,0.159,0.237,0.408,0.197
7,Melee,Melee,TouchTimeout_None,30.0,0.935,388,0,1,1,0,-5.396,150.8,0.222,0.199,0.383,0.197
8,Hybrid,Hybrid,TouchTimeout_None,30.0,0.941,356,0,1,1,0,-5.746,141.0,0.208,0.197,0.429,0.167
9,Ranged,Hybrid,TouchTimeout_None,30.0,0.938,375,0,1,1,0,-5.045,170.3,0.231,0.203,0.316,0.250
10,Hybrid,CC,TouchTimeout_Partial,30.0,0.967,200,0,1,1,0,-3.482,192.6,0.171,0.306,0.350,0.173
11,Melee,Hybrid,TouchTimeout_None,30.0,0.950,300,0,1,1,0,-5.054,150.3,0.203,0.194,0.403,0.200
12,Ranged,Ranged,TouchTimeout_None,30.0,0.866,804,0,1,1,0,-4.813,166.8,0.166,0.217,0.398,0.220
13,Ranged,Melee,TouchTimeout_None,30.0,0.997,21,1,1,1,0,-5.596,148.8,0.224,0.177,0.380,0.220
14,CC,Ranged,TouchTimeout_None,30.0,0.900,600,0,1,1,0,-5.778,148.7,0.184,0.207,0.433,0.177
15,Ranged,CC,TouchTimeout_None,30.0,0.900,600,0,1,1,0,-5.012,151.2,0.214,0.187,0.386,0.213
16,CC,Hybrid,TouchTimeout_None,30.0,0.999,7,1,1,1,0,-5.475,146.7,0.233,0.214,0.393,0.160
17,CC,Ranged,TouchTimeout_None,30.0,0.895,633,0,1,1,0,-5.362,145.8,0.209,0.190,0.410,0.191
18,CC,Hybrid,TouchTimeout_None,30.0,0.946,321,29,1,1,0,-5.763,151.4,0.212,0.203,0.395,0.190
19,CC,Melee,TouchTimeout_Partial,30.0,0.964,215,1,1,1,0,-3.308,180.8,0.175,0.227,0.348,0.250
20,Hybrid,Melee,TouchTimeout_None,30.0,0.968,194,0,1,1,0,-4.580,190.2,0.189,0.268,0.323,0.220
21,Hybrid,Hybrid,TouchTimeout_None,30.0,1.000,0,0,1,1,0,-4.953,152.7,0.181,0.213,0.425,0.180
22,Hybrid,Melee,TouchTimeout_None,30.0,0.960,238,0,1,1,0,-4.600,191.7,0.185,0.249,0.313,0.253
23,CC,Ranged,TouchTimeout_Partial,30.0,0.997,21,100,1,1,0,-3.783,163.2,0.205,0.193,0.360,0.242
24,Hybrid,Hybrid,TouchTimeout_None,30.0,0.971,175,0,1,1,0,-4.390,191.4,0.148,0.243,0.349,0.260
25,Melee,Ranged,TouchTimeout_None,30.0,0.808,1150,0,1,1,0,-4.968,177.0,0.207,0.230,0.330,0.233
26,CC,Hybrid,TouchTimeout_None,30.0,0.918,493,0,1,1,0,-4.854,168.9,0.167,0.193,0.379,0.260
27,CC,Melee,TouchTimeout_None,30.0,0.973,160,0,1,1,0,-4.229,184.1,0.194,0.243,0.326,0.237
28,Melee,Ranged,TouchTimeout_None,30.0,0.891,656,0,1,1,0,-4.514,174.9,0.181,0.230,0.363,0.227
29,Ranged,CC,TouchTimeout_Partial,30.0,0.889,666,0,1,1,0,-3.429,189.8,0.183,0.223,0.310,0.283
30,CC,Hybrid,TouchTimeout_None,30.0,0.950,302,0,1,1,0,-4.257,189.5,0.167,0.237,0.333,0.263
31,CC,CC,TouchTimeout_Partial,30.0,0.940,362,0,1,1,0,-3.925,185.6,0.163,0.247,0.353,0.237
32,CC,Ranged,TouchTimeout_Partial,30.0,0.890,661,90,1,1,0,-3.711,182.8,0.173,0.240,0.350,0.237
33,CC,Melee,TouchTimeout_None,30.0,0.863,822,0,1,1,0,-5.043,177.8,0.183,0.227,0.350,0.241
34,CC,CC,TouchTimeout_None,30.0,0.927,439,1,1,1,0,-4.867,169.8,0.219,0.214,0.333,0.233
35,Hybrid,Ranged,TouchTimeout_None,30.0,0.950,300,0,1,1,0,-4.550,188.4,0.159,0.213,0.334,0.293
36,Melee,Ranged,TouchTimeout_Partial,30.0,0.967,200,0,1,1,0,-3.478,192.9,0.156,0.247,0.337,0.260
37,CC,CC,TouchTimeout_Partial,30.0,0.947,321,8,1,1,0,-2.636,223.7,0.116,0.257,0.284,0.343
38,CC,Ranged,TouchTimeout_Partial,30.0,0.935,391,29,1,1,0,-2.798,241.9,0.119,0.326,0.253,0.301
39,Melee,Hybrid,TouchTimeout_Partial,30.0,0.908,550,0,1,1,0,-2.818,217.0,0.149,0.267,0.277,0.308
40,Ranged,Ranged,TouchTimeout_Partial,30.0,0.907,560,0,1,1,0,-2.623,224.4,0.135,0.293,0.278,0.293
41,Melee,Hybrid,TouchTimeout_Partial,30.0,1.000,0,0,1,1,0,-3.025,199.0,0.172,0.250,0.303,0.275
42,Hybrid,Hybrid,TouchTimeout_None,30.0,0.933,400,0,1,1,0,-3.885,210.2,0.149,0.273,0.301,0.277
43,Ranged,Melee,TouchTimeout_None,30.0,0.938,375,0,1,1,0,-3.926,206.6,0.142,0.228,0.300,0.330
44,Hybrid,CC,TouchTimeout_None,30.0,0.920,480,0,1,1,0,-3.644,221.9,0.142,0.267,0.268,0.323
45,Melee,Hybrid,TouchTimeout_Partial,30.0,0.908,550,0,1,1,0,-2.945,211.8,0.149,0.267,0.293,0.291
46,Ranged,Hybrid,TouchTimeout_None,30.0,0.981,117,1,1,1,0,-3.442,233.1,0.119,0.280,0.261,0.340
47,Ranged,Hybrid,TouchTimeout_None,30.0,0.905,568,0,1,1,0,-3.365,228.2,0.109,0.290,0.291,0.310
48,Melee,Ranged,TouchTimeout_Partial,30.0,0.923,462,90,1,1,0,-3.238,206.0,0.145,0.268,0.316,0.270
49,CC,CC,TouchTimeout_None,30.0,0.927,439,0,1,1,0,-3.628,228.9,0.105,0.280,0.289,0.327
50,Melee,CC,TouchTimeout_None,30.0,0.872,770,0,1,1,0,-3.820,210.0,0.160,0.257,0.283,0.300
51,Melee,Hybrid,TouchTimeout_Partial,30.0,0.938,375,0,1,1,0,-2.753,214.1,0.135,0.220,0.280,0.365

# === Session 2026-05-20 11:55:40 ===
episode_id,p1_archetype,p2_archetype,outcome,duration_sec,boss_hp_remaining,total_damage_to_boss,total_damage_to_players,p1_skills_unlocked,p2_skills_unlocked,phase_reached,cumulative_reward,boss_travel_dist,idle_ratio,fwd_ratio,rot_ratio,back_ratio
1,Ranged,CC,TouchTimeout_None,30.0,1.000,0,0,0,0,0,-4.446,98.5,0.196,0.230,0.344,0.230
2,Ranged,Hybrid,TouchTimeout_None,30.0,1.000,0,0,0,0,0,-3.976,109.5,0.169,0.227,0.308,0.296
3,Hybrid,CC,TouchTimeout_Partial,30.0,1.000,0,0,0,0,0,-3.803,89.7,0.131,0.169,0.433,0.266
4,CC,Melee,TouchTimeout_None,30.0,1.000,0,0,0,0,0,-4.788,133.8,0.144,0.190,0.423,0.243
5,Ranged,Hybrid,TouchTimeout_Partial,30.0,1.000,0,0,0,0,0,-3.634,179.5,0.207,0.223,0.320,0.250
6,CC,Hybrid,TouchTimeout_Partial,30.0,1.000,0,0,0,0,0,-3.497,186.0,0.203,0.231,0.306,0.260
7,Ranged,Hybrid,TouchTimeout_None,30.0,1.000,0,0,0,0,0,-4.479,180.9,0.152,0.243,0.378,0.227
8,Melee,Hybrid,TouchTimeout_Partial,30.0,1.000,0,0,0,0,0,-3.588,184.7,0.191,0.227,0.320,0.262
9,CC,Hybrid,TouchTimeout_None,30.0,1.000,0,0,0,0,0,-4.345,201.2,0.174,0.277,0.306,0.243
10,CC,Ranged,TouchTimeout_Partial,30.0,1.000,0,0,0,0,0,-3.582,178.4,0.174,0.240,0.363,0.223
11,CC,Hybrid,TouchTimeout_None,30.0,1.000,0,0,0,0,0,-4.627,195.0,0.177,0.247,0.310,0.266
12,Ranged,CC,TouchTimeout_Partial,30.0,1.000,0,0,0,0,0,-3.910,178.7,0.163,0.254,0.380,0.203
13,Hybrid,Melee,TouchTimeout_None,30.0,1.000,0,0,0,0,0,-4.394,186.5,0.149,0.233,0.360,0.258
14,Melee,Ranged,TouchTimeout_None,30.0,1.000,0,0,0,0,0,-4.360,188.1,0.148,0.236,0.356,0.260
15,Ranged,Hybrid,TouchTimeout_None,30.0,1.000,0,0,0,0,0,-4.248,179.7,0.184,0.227,0.343,0.247
16,CC,Hybrid,TouchTimeout_None,30.0,1.000,0,0,0,0,0,-4.416,182.7,0.170,0.247,0.356,0.227
17,CC,Ranged,TouchTimeout_None,30.0,1.000,0,0,0,0,0,-5.397,167.3,0.203,0.225,0.363,0.210
18,Hybrid,Hybrid,TouchTimeout_Partial,30.0,1.000,0,0,0,0,0,-3.795,177.3,0.145,0.237,0.393,0.225
19,CC,CC,TouchTimeout_Partial,30.0,1.000,0,0,0,0,0,-3.105,200.9,0.162,0.220,0.295,0.323
20,Ranged,Ranged,TouchTimeout_Partial,30.0,1.000,0,0,0,0,0,-2.948,197.6,0.155,0.230,0.316,0.298
21,Ranged,Hybrid,BossWin,18.7,1.000,0,0,0,0,0,-0.542,140.0,0.115,0.301,0.300,0.284
22,CC,Hybrid,TouchTimeout_None,30.0,1.000,0,0,0,0,0,-3.907,210.2,0.146,0.250,0.294,0.310
23,Ranged,Melee,TouchTimeout_None,30.0,1.000,0,0,0,0,0,-3.914,210.6,0.126,0.267,0.320,0.287
24,Melee,Melee,TouchTimeout_Partial,30.0,1.000,0,0,0,0,0,-3.007,206.4,0.156,0.253,0.297,0.293
25,Ranged,Hybrid,TouchTimeout_Partial,30.0,1.000,0,0,0,0,0,-3.086,200.3,0.123,0.230,0.340,0.307
26,Hybrid,Melee,TouchTimeout_None,30.0,1.000,0,0,0,0,0,-3.998,198.8,0.149,0.220,0.314,0.317
27,Melee,Hybrid,TouchTimeout_Partial,30.0,1.000,0,0,0,0,0,-2.625,219.9,0.119,0.303,0.313,0.264
28,Ranged,Melee,TouchTimeout_Partial,30.0,1.000,0,0,0,0,0,-3.311,207.3,0.175,0.283,0.288,0.253
29,CC,Hybrid,TouchTimeout_None,30.0,1.000,0,0,0,0,0,-3.800,207.3,0.145,0.283,0.318,0.253
30,Hybrid,CC,TouchTimeout_Partial,30.0,1.000,0,0,0,0,0,-2.964,212.4,0.139,0.290,0.311,0.260
31,Melee,Ranged,TouchTimeout_Partial,30.0,1.000,0,0,0,0,0,-2.850,209.0,0.202,0.260,0.247,0.292
32,Hybrid,Hybrid,TouchTimeout_None,30.0,1.000,0,0,0,0,0,-4.173,203.7,0.131,0.237,0.323,0.309
33,Ranged,CC,TouchTimeout_Partial,30.0,1.000,0,0,0,0,0,-3.118,195.5,0.158,0.227,0.319,0.297
34,CC,Melee,TouchTimeout_None,30.0,1.000,0,0,0,0,0,-3.791,208.5,0.147,0.253,0.300,0.300
35,Melee,Ranged,TouchTimeout_Partial,30.0,1.000,0,0,0,0,0,-3.125,201.9,0.145,0.239,0.317,0.300
36,CC,Melee,TouchTimeout_Partial,30.0,1.000,0,0,0,0,0,-3.038,197.4,0.148,0.210,0.315,0.327
37,Ranged,CC,TouchTimeout_Partial,30.0,1.000,0,0,0,0,0,-2.090,240.4,0.121,0.296,0.243,0.339
38,CC,Melee,TouchTimeout_Partial,30.0,1.000,0,0,0,0,0,-2.947,214.2,0.174,0.266,0.260,0.300
39,CC,Ranged,BossWin,11.3,1.000,0,0,0,0,0,0.692,97.2,0.073,0.248,0.213,0.466
40,CC,CC,TouchTimeout_Partial,30.0,1.000,0,0,0,0,0,-2.446,237.8,0.138,0.333,0.250,0.279
41,Melee,Hybrid,TouchTimeout_Partial,30.0,1.000,0,0,0,0,0,-2.708,210.8,0.131,0.250,0.307,0.312
42,Hybrid,CC,TouchTimeout_Partial,30.0,1.000,0,0,0,0,0,-2.325,243.8,0.128,0.347,0.247,0.279
43,CC,Ranged,TouchTimeout_None,30.0,1.000,0,0,0,0,0,-3.160,241.8,0.125,0.290,0.232,0.353
44,Melee,CC,TouchTimeout_Partial,30.0,1.000,0,0,0,0,0,-2.314,248.7,0.125,0.337,0.230,0.309
45,CC,Hybrid,TouchTimeout_Partial,30.0,1.000,0,0,0,0,0,-2.150,250.7,0.131,0.350,0.223,0.296
46,Melee,Ranged,TouchTimeout_None,30.0,1.000,0,0,0,0,0,-3.094,242.6,0.101,0.313,0.263,0.323
47,Hybrid,CC,TouchTimeout_Partial,30.0,1.000,0,0,0,0,0,-2.451,242.4,0.133,0.333,0.240,0.293
48,CC,CC,TouchTimeout_None,30.0,1.000,0,0,0,0,0,-3.387,234.3,0.107,0.306,0.280,0.307
49,Ranged,Melee,TouchTimeout_Partial,30.0,1.000,0,0,0,0,0,-2.653,227.6,0.117,0.256,0.270,0.357
50,Ranged,Melee,TouchTimeout_Partial,30.0,1.000,0,0,0,0,0,-2.317,233.0,0.144,0.297,0.243,0.316
51,Hybrid,Ranged,TouchTimeout_Partial,30.0,1.000,0,0,0,0,0,-2.864,215.9,0.134,0.263,0.293,0.309
52,CC,CC,TouchTimeout_Partial,30.0,1.000,0,0,0,0,0,-2.023,249.0,0.091,0.320,0.256,0.333
53,Ranged,Hybrid,TouchTimeout_None,30.0,1.000,0,0,0,0,0,-2.997,245.0,0.101,0.299,0.250,0.350
54,Hybrid,CC,TouchTimeout_Partial,30.0,1.000,0,0,0,0,0,-2.497,252.1,0.127,0.337,0.217,0.319
55,Ranged,Ranged,TouchTimeout_Partial,30.0,1.000,0,0,0,0,0,-1.922,263.4,0.081,0.286,0.207,0.426
56,Ranged,Melee,TouchTimeout_Partial,30.0,1.000,0,0,0,0,0,-2.332,234.8,0.107,0.300,0.277,0.317
57,CC,Hybrid,TouchTimeout_Partial,30.0,1.000,0,0,0,0,0,-1.834,276.2,0.083,0.327,0.180,0.410
58,CC,Hybrid,TouchTimeout_Partial,30.0,1.000,0,0,0,0,0,-1.699,258.5,0.120,0.297,0.187,0.397
59,CC,CC,BossWin,26.0,1.000,0,0,0,0,0,-0.584,225.9,0.088,0.331,0.227,0.354
60,CC,Hybrid,TouchTimeout_Partial,30.0,1.000,0,0,0,0,0,-1.656,265.3,0.086,0.307,0.203,0.404
61,Hybrid,Melee,TouchTimeout_Partial,30.0,1.000,0,0,0,0,0,-1.964,247.9,0.109,0.310,0.237,0.344
62,Melee,CC,TouchTimeout_None,30.0,1.000,0,0,0,0,0,-3.310,227.3,0.107,0.260,0.283,0.350
63,Hybrid,Melee,TouchTimeout_Partial,30.0,1.000,0,0,0,0,0,-2.105,249.3,0.102,0.307,0.238,0.353
64,Ranged,Melee,TouchTimeout_Partial,30.0,1.000,0,0,0,0,0,-2.151,251.1,0.110,0.297,0.220,0.373
65,Melee,CC,TouchTimeout_Partial,30.0,1.000,0,0,0,0,0,-1.736,261.8,0.105,0.318,0.200,0.377
66,Melee,Hybrid,TouchTimeout_Partial,30.0,1.000,0,0,0,0,0,-2.044,256.2,0.117,0.303,0.200,0.380
67,Ranged,Melee,TouchTimeout_Partial,30.0,1.000,0,0,0,0,0,-1.613,278.4,0.082,0.340,0.180,0.398
68,Ranged,Ranged,TouchTimeout_Partial,30.0,1.000,0,0,0,0,0,-1.902,254.3,0.100,0.320,0.230,0.350
69,Melee,CC,TouchTimeout_Partial,30.0,1.000,0,0,0,0,0,-1.864,258.8,0.075,0.307,0.235,0.383
70,Melee,CC,TouchTimeout_Partial,30.0,1.000,0,0,0,0,0,-1.927,267.6,0.075,0.336,0.220,0.368
71,Melee,Ranged,TouchTimeout_Partial,30.0,1.000,0,0,0,0,0,-1.729,266.6,0.098,0.337,0.200,0.365
72,CC,CC,TouchTimeout_Partial,30.0,1.000,0,0,0,0,0,-1.749,270.6,0.077,0.317,0.200,0.407
73,Hybrid,CC,TouchTimeout_Partial,30.0,1.000,0,0,0,0,0,-1.921,256.2,0.095,0.303,0.222,0.380
74,Melee,Melee,TouchTimeout_Partial,30.0,1.000,0,0,0,0,0,-1.590,283.2,0.098,0.335,0.147,0.420
75,Melee,Melee,TouchTimeout_Partial,30.0,1.000,0,0,0,0,0,-1.036,295.8,0.080,0.363,0.137,0.420
76,Ranged,Ranged,TouchTimeout_Partial,30.0,1.000,0,0,0,0,0,-1.689,275.3,0.055,0.339,0.217,0.390
77,Ranged,Ranged,TouchTimeout_Partial,30.0,1.000,0,0,0,0,0,-1.397,282.0,0.085,0.350,0.170,0.395
78,Melee,Hybrid,TouchTimeout_Partial,30.0,1.000,0,0,0,0,0,-1.204,291.9,0.088,0.345,0.133,0.433
79,Ranged,Melee,TouchTimeout_Partial,30.0,1.000,0,0,0,0,0,-1.585,286.1,0.088,0.372,0.163,0.377
80,Ranged,Ranged,TouchTimeout_Partial,30.0,1.000,0,0,0,0,0,-1.507,291.6,0.045,0.382,0.193,0.380
81,Ranged,CC,TouchTimeout_Partial,30.0,1.000,0,0,0,0,0,-1.090,298.4,0.047,0.343,0.153,0.457
82,Ranged,Ranged,TouchTimeout_Partial,30.0,1.000,0,0,0,0,0,-1.085,287.6,0.061,0.333,0.169,0.437
83,Ranged,Ranged,TouchTimeout_None,30.0,1.000,0,0,0,0,0,-1.987,303.6,0.051,0.367,0.142,0.440
84,CC,Ranged,TouchTimeout_Partial,30.0,1.000,0,0,0,0,0,-1.711,267.2,0.088,0.302,0.193,0.417
85,Ranged,Ranged,TouchTimeout_Partial,30.0,1.000,0,0,0,0,0,-1.465,289.4,0.081,0.350,0.150,0.419
86,CC,CC,BossWin,9.5,1.000,0,0,0,0,0,0.874,94.5,0.047,0.414,0.180,0.359
87,Hybrid,CC,TouchTimeout_Partial,30.0,1.000,0,0,0,0,0,-1.128,305.9,0.056,0.374,0.133,0.437
88,CC,Melee,TouchTimeout_Partial,30.0,1.000,0,0,0,0,0,-1.387,274.6,0.103,0.290,0.150,0.457
89,CC,Hybrid,TouchTimeout_Partial,30.0,1.000,0,0,0,0,0,-1.469,269.1,0.103,0.290,0.167,0.440
90,CC,Hybrid,TouchTimeout_Partial,30.0,1.000,0,0,0,0,0,-1.487,270.8,0.086,0.324,0.193,0.397
91,CC,Hybrid,TouchTimeout_Partial,30.0,1.000,0,0,0,0,0,-1.026,304.5,0.053,0.364,0.137,0.447
92,Melee,Hybrid,TouchTimeout_Partial,30.0,1.000,0,0,0,0,0,-0.878,302.4,0.056,0.354,0.137,0.453
93,Melee,CC,TouchTimeout_Partial,30.0,1.000,0,0,0,0,0,-1.196,279.8,0.079,0.311,0.167,0.443
94,Melee,Hybrid,BossWin,19.6,1.000,0,0,0,0,0,0.484,197.0,0.070,0.389,0.138,0.404
95,CC,Melee,TouchTimeout_Partial,30.0,1.000,0,0,0,0,0,-0.890,307.8,0.070,0.367,0.110,0.453
96,CC,Melee,TouchTimeout_Partial,30.0,1.000,0,0,0,0,0,-1.206,306.8,0.063,0.390,0.130,0.417
97,Ranged,CC,TouchTimeout_Partial,30.0,1.000,0,0,0,0,0,-0.653,307.8,0.060,0.367,0.120,0.453
98,Ranged,Hybrid,TouchTimeout_Partial,30.0,1.000,0,0,0,0,0,-1.022,293.9,0.070,0.333,0.140,0.457
99,Ranged,Melee,TouchTimeout_Partial,30.0,1.000,0,0,0,0,0,-0.985,295.8,0.087,0.340,0.120,0.453
100,Ranged,Ranged,TouchTimeout_Partial,30.0,1.000,0,0,0,0,0,-0.856,311.9,0.057,0.373,0.113,0.457
101,CC,Ranged,TouchTimeout_Partial,30.0,1.000,0,0,0,0,0,-0.777,303.6,0.063,0.390,0.140,0.407
102,Melee,Ranged,TouchTimeout_Partial,30.0,1.000,0,0,0,0,0,-1.139,300.9,0.067,0.347,0.127,0.460
103,CC,CC,TouchTimeout_Partial,30.0,1.000,0,0,0,0,0,-0.731,315.2,0.050,0.367,0.107,0.477
104,CC,CC,TouchTimeout_Partial,30.0,1.000,0,0,0,0,0,-0.733,319.4,0.053,0.390,0.100,0.457
105,Melee,Hybrid,TouchTimeout_Partial,30.0,1.000,0,0,0,0,0,-1.176,298.2,0.063,0.397,0.160,0.380
106,CC,Hybrid,TouchTimeout_Partial,30.0,1.000,0,0,0,0,0,-1.094,298.2,0.067,0.350,0.137,0.447
107,CC,CC,TouchTimeout_Partial,30.0,1.000,0,0,0,0,0,-1.077,308.7,0.073,0.373,0.107,0.447
108,CC,Ranged,TouchTimeout_Partial,30.0,1.000,0,0,0,0,0,-0.840,311.9,0.060,0.350,0.101,0.490
109,Hybrid,Ranged,BossWin,24.4,1.000,0,0,0,0,0,0.806,270.9,0.044,0.395,0.070,0.491
110,Hybrid,CC,BossWin,24.2,1.000,0,0,0,0,0,0.555,261.5,0.047,0.387,0.091,0.475
111,CC,Hybrid,TouchTimeout_Partial,30.0,1.000,0,0,0,0,0,-1.269,287.3,0.074,0.333,0.157,0.436
112,Melee,Ranged,TouchTimeout_Partial,30.0,1.000,0,0,0,0,0,-0.587,323.7,0.054,0.416,0.097,0.433
113,Melee,Ranged,TouchTimeout_Partial,30.0,1.000,0,0,0,0,0,-0.558,317.0,0.047,0.390,0.113,0.449
114,CC,CC,TouchTimeout_Partial,30.0,1.000,0,0,0,0,0,-0.750,312.5,0.044,0.380,0.127,0.449
115,Melee,Hybrid,TouchTimeout_Partial,30.0,1.000,0,0,0,0,0,-0.627,315.3,0.044,0.336,0.100,0.520
116,Melee,Hybrid,BossWin,7.0,1.000,0,0,0,0,0,1.109,76.3,0.043,0.474,0.128,0.355
117,CC,Melee,TouchTimeout_Partial,30.0,1.000,0,0,0,0,0,-0.887,314.5,0.052,0.390,0.117,0.441
118,Melee,CC,TouchTimeout_Partial,30.0,1.000,0,0,0,0,0,-0.640,316.8,0.069,0.360,0.080,0.491
119,Ranged,CC,TouchTimeout_Partial,30.0,1.000,0,0,0,0,0,-0.605,315.9,0.059,0.377,0.100,0.465
120,Hybrid,Hybrid,TouchTimeout_Partial,30.0,1.000,0,0,0,0,0,-0.625,318.3,0.062,0.371,0.087,0.480
121,Hybrid,Melee,BossWin,15.6,1.000,0,0,0,0,0,0.871,170.7,0.036,0.414,0.102,0.448
122,Hybrid,Hybrid,BossWin,20.2,1.000,0,0,0,0,0,0.580,216.2,0.046,0.434,0.119,0.402
123,Ranged,Melee,TouchTimeout_Partial,30.0,1.000,0,0,0,0,0,-0.604,331.0,0.059,0.403,0.063,0.475
124,Hybrid,Melee,TouchTimeout_Partial,30.0,1.000,0,0,0,0,0,-1.437,326.7,0.049,0.441,0.103,0.407
125,Melee,Melee,TouchTimeout_Partial,30.0,1.000,0,0,0,0,0,-0.408,334.2,0.035,0.388,0.070,0.507
126,CC,Hybrid,BossWin,16.9,1.000,0,0,0,0,0,0.528,177.9,0.075,0.487,0.130,0.308
127,Melee,CC,TouchTimeout_Partial,30.0,1.000,0,0,0,0,0,-0.902,317.9,0.066,0.370,0.083,0.481
128,Ranged,Ranged,TouchTimeout_Partial,30.0,1.000,0,0,0,0,0,-0.869,303.9,0.060,0.353,0.127,0.460
129,Melee,Ranged,BossWin,10.2,1.000,0,0,0,0,0,1.324,117.5,0.027,0.371,0.039,0.563
130,Ranged,CC,TouchTimeout_Partial,30.0,1.000,0,0,0,0,0,-0.364,326.7,0.045,0.417,0.097,0.442
131,Hybrid,CC,TouchTimeout_Partial,30.0,1.000,0,0,0,0,0,-0.800,318.2,0.045,0.423,0.127,0.405
132,Hybrid,Hybrid,TouchTimeout_Partial,30.0,1.000,0,0,0,0,0,-0.615,335.6,0.028,0.420,0.087,0.465
133,CC,Melee,TouchTimeout_Partial,30.0,1.000,0,0,0,0,0,-0.530,334.8,0.021,0.399,0.087,0.493
134,Ranged,CC,TouchTimeout_Partial,30.0,1.000,0,0,0,0,0,-0.336,328.6,0.041,0.397,0.085,0.477
135,Ranged,CC,TouchTimeout_Partial,30.0,1.000,0,0,0,0,0,-0.387,342.9,0.025,0.435,0.073,0.467
136,Ranged,CC,TouchTimeout_Partial,30.0,1.000,0,0,0,0,0,-0.702,344.4,0.025,0.470,0.083,0.422
137,CC,Melee,TouchTimeout_Partial,30.0,1.000,0,0,0,0,0,-0.400,329.8,0.048,0.409,0.080,0.463
138,Melee,Ranged,TouchTimeout_Partial,30.0,1.000,0,0,0,0,0,-0.615,335.4,0.035,0.442,0.090,0.433
139,Ranged,CC,TouchTimeout_Partial,30.0,1.000,0,0,0,0,0,-0.334,330.5,0.038,0.367,0.070,0.525
140,CC,CC,TouchTimeout_Partial,30.0,1.000,0,0,0,0,0,-0.144,335.7,0.041,0.413,0.070,0.475
141,CC,CC,BossWin,6.8,1.000,0,0,0,0,0,1.251,77.4,0.006,0.432,0.089,0.473
142,Ranged,Hybrid,TouchTimeout_Partial,30.0,1.000,0,0,0,0,0,-0.577,343.2,0.039,0.454,0.067,0.440
143,CC,Hybrid,TouchTimeout_Partial,30.0,1.000,0,0,0,0,0,-0.911,337.3,0.055,0.453,0.068,0.423
144,Ranged,Hybrid,TouchTimeout_Partial,30.0,1.000,0,0,0,0,0,-0.136,335.8,0.052,0.408,0.057,0.483
145,CC,CC,TouchTimeout_Partial,30.0,1.000,0,0,0,0,0,-0.746,319.9,0.055,0.383,0.093,0.468
146,CC,Melee,TouchTimeout_Partial,30.0,1.000,0,0,0,0,0,-0.587,335.8,0.023,0.403,0.083,0.490
147,Melee,Melee,TouchTimeout_Partial,30.0,1.000,0,0,0,0,0,-0.178,343.9,0.022,0.413,0.063,0.501
148,CC,Ranged,TouchTimeout_Partial,30.0,1.000,0,0,0,0,0,-0.250,346.5,0.012,0.448,0.080,0.460
149,Ranged,CC,BossWin,19.4,1.000,0,0,0,0,0,0.877,220.8,0.019,0.441,0.088,0.453
150,Hybrid,Melee,TouchTimeout_Partial,30.0,1.000,0,0,0,0,0,-0.512,327.4,0.038,0.399,0.093,0.470
151,CC,Ranged,TouchTimeout_Partial,30.0,1.000,0,0,0,0,0,-0.682,325.6,0.035,0.367,0.089,0.510
152,Melee,Melee,TouchTimeout_Partial,30.0,1.000,0,0,0,0,0,-0.270,338.6,0.028,0.403,0.070,0.499
153,Melee,CC,TouchTimeout_Partial,30.0,1.000,0,0,0,0,0,-0.260,333.4,0.030,0.370,0.070,0.530
154,CC,Ranged,BossWin,18.2,1.000,0,0,0,0,0,1.083,213.2,0.013,0.476,0.077,0.434
155,Hybrid,Hybrid,TouchTimeout_Partial,30.0,1.000,0,0,0,0,0,-0.384,327.9,0.041,0.407,0.093,0.460
156,Ranged,Melee,BossWin,6.9,1.000,0,0,0,0,0,1.189,80.2,0.075,0.520,0.043,0.361
157,Melee,CC,TouchTimeout_Partial,30.0,1.000,0,0,0,0,0,-0.262,335.2,0.020,0.383,0.080,0.517
158,Hybrid,CC,TouchTimeout_Partial,30.0,1.000,0,0,0,0,0,-0.542,336.7,0.040,0.410,0.067,0.483
159,Melee,Melee,BossWin,23.9,1.000,0,0,0,0,0,0.795,266.9,0.042,0.385,0.059,0.514
160,Ranged,CC,TouchTimeout_Partial,30.0,1.000,0,0,0,0,0,-0.343,338.7,0.031,0.426,0.077,0.467
161,Hybrid,Hybrid,BossWin,10.1,1.000,0,0,0,0,0,1.217,114.2,0.022,0.442,0.089,0.446
162,Melee,Melee,TouchTimeout_Partial,30.0,1.000,0,0,0,0,0,-0.554,329.5,0.021,0.422,0.113,0.443
163,Ranged,Ranged,BossWin,7.7,1.000,0,0,0,0,0,1.244,88.7,0.031,0.503,0.091,0.376
164,Melee,Ranged,BossWin,8.1,1.000,0,0,0,0,0,1.707,91.8,0.027,0.428,0.074,0.470
165,Hybrid,CC,TouchTimeout_Partial,30.0,1.000,0,0,0,0,0,-0.060,344.7,0.018,0.402,0.060,0.520
166,Hybrid,Hybrid,TouchTimeout_Partial,30.0,1.000,0,0,0,0,0,-0.048,371.5,0.018,0.562,0.043,0.377
167,Ranged,Ranged,TouchTimeout_Partial,30.0,1.000,0,0,0,0,0,-0.779,345.1,0.028,0.429,0.060,0.483
168,Melee,Hybrid,TouchTimeout_Partial,30.0,1.000,0,0,0,0,0,-0.349,330.5,0.048,0.390,0.070,0.492
169,Hybrid,CC,TouchTimeout_Partial,30.0,1.000,0,0,0,0,0,-0.519,323.6,0.048,0.370,0.083,0.499
170,Ranged,CC,TouchTimeout_Partial,30.0,1.000,0,0,0,0,0,-1.611,339.3,0.035,0.455,0.083,0.427
171,Hybrid,Melee,BossWin,26.7,1.000,0,0,0,0,0,0.730,304.1,0.017,0.432,0.083,0.469
172,Ranged,Melee,TouchTimeout_Partial,30.0,1.000,0,0,0,0,0,-0.509,328.3,0.043,0.377,0.077,0.503
173,Ranged,Ranged,BossWin,17.0,1.000,0,0,0,0,0,0.865,192.5,0.011,0.471,0.112,0.406
174,CC,Ranged,TouchTimeout_Partial,30.0,1.000,0,0,0,0,0,-0.320,333.0,0.020,0.367,0.080,0.533
175,Ranged,Ranged,TouchTimeout_Partial,30.0,1.000,0,0,0,0,0,-0.417,343.8,0.020,0.423,0.070,0.487
176,Hybrid,CC,BossWin,30.0,1.000,0,0,0,0,0,0.696,331.5,0.017,0.363,0.087,0.533
177,Hybrid,Hybrid,TouchTimeout_Partial,30.0,1.000,0,0,0,0,0,-0.580,329.4,0.043,0.410,0.087,0.460
178,Melee,Melee,TouchTimeout_None,30.0,1.000,0,0,0,0,0,-1.074,337.8,0.037,0.387,0.057,0.520
179,Hybrid,Melee,TouchTimeout_Partial,30.0,1.000,0,0,0,0,0,-0.515,342.3,0.030,0.420,0.063,0.487
180,CC,Ranged,TouchTimeout_Partial,30.0,1.000,0,0,0,0,0,-0.843,343.0,0.017,0.387,0.060,0.537
181,Ranged,Hybrid,BossWin,19.6,1.000,0,0,0,0,0,0.657,217.4,0.031,0.479,0.117,0.373
182,Melee,CC,TouchTimeout_Partial,30.0,1.000,0,0,0,0,0,0.035,345.2,0.034,0.443,0.060,0.463
183,Melee,Ranged,TouchTimeout_Partial,30.0,1.000,0,0,0,0,0,-0.300,340.6,0.027,0.409,0.067,0.497
184,Melee,Melee,TouchTimeout_Partial,30.0,1.000,0,0,0,0,0,-0.423,341.2,0.024,0.406,0.067,0.503
185,Melee,Hybrid,BossWin,12.5,1.000,0,0,0,0,0,1.139,139.8,0.010,0.408,0.104,0.478
186,Hybrid,Hybrid,TouchTimeout_Partial,30.0,1.000,0,0,0,0,0,-0.171,344.2,0.023,0.417,0.063,0.497
187,Ranged,Ranged,BossWin,17.7,1.000,0,0,0,0,0,1.080,204.6,0.016,0.447,0.074,0.464
188,Melee,CC,TouchTimeout_Partial,30.0,1.000,0,0,0,0,0,-1.037,334.3,0.027,0.447,0.103,0.423
189,Ranged,Melee,TouchTimeout_Partial,30.0,1.000,0,0,0,0,0,-0.580,344.8,0.023,0.377,0.043,0.557
190,Hybrid,CC,TouchTimeout_Partial,30.0,1.000,0,0,0,0,0,-0.258,343.6,0.003,0.383,0.070,0.543
191,CC,Hybrid,TouchTimeout_Partial,30.0,1.000,0,0,0,0,0,-1.167,345.0,0.027,0.463,0.077,0.433
192,Ranged,CC,TouchTimeout_Partial,30.0,1.000,0,0,0,0,0,-0.608,363.3,0.017,0.537,0.060,0.387
193,CC,Ranged,BossWin,12.9,1.000,0,0,0,0,0,1.122,145.7,0.008,0.433,0.101,0.458
194,CC,Ranged,BossWin,21.7,1.000,0,0,0,0,0,0.834,246.2,0.033,0.424,0.069,0.474
195,Ranged,Hybrid,TouchTimeout_Partial,30.0,1.000,0,0,0,0,0,-1.223,360.4,0.023,0.523,0.057,0.397
196,Hybrid,Melee,TouchTimeout_Partial,30.0,1.000,0,0,0,0,0,-0.963,348.3,0.037,0.550,0.093,0.320
197,CC,Hybrid,TouchTimeout_Partial,30.0,1.000,0,0,0,0,0,-0.576,366.9,0.013,0.517,0.043,0.427
198,Ranged,Ranged,BossWin,15.8,1.000,0,0,0,0,0,1.210,190.4,0.006,0.506,0.063,0.424
199,Hybrid,Ranged,BossWin,23.4,1.000,0,0,0,0,0,0.920,271.7,0.021,0.436,0.060,0.483
200,Melee,Melee,TouchTimeout_None,30.0,1.000,0,0,0,0,0,-1.090,344.7,0.020,0.407,0.060,0.513
201,CC,Ranged,TouchTimeout_Partial,30.0,1.000,0,0,0,0,0,-0.170,343.9,0.013,0.393,0.063,0.530
202,CC,Hybrid,TouchTimeout_Partial,30.0,1.000,0,0,0,0,0,-0.309,342.3,0.020,0.397,0.063,0.520
203,Hybrid,Ranged,TouchTimeout_Partial,30.0,1.000,0,0,0,0,0,-1.447,355.0,0.020,0.507,0.070,0.403
204,Melee,CC,TouchTimeout_Partial,30.0,1.000,0,0,0,0,0,-0.182,342.9,0.010,0.370,0.060,0.560
205,CC,CC,BossWin,11.9,1.000,0,0,0,0,0,1.192,139.6,0.050,0.503,0.050,0.396
206,Hybrid,Ranged,BossWin,18.4,1.000,0,0,0,0,0,0.767,201.3,0.037,0.418,0.098,0.447
207,Melee,Ranged,TouchTimeout_Partial,30.0,1.000,0,0,0,0,0,-0.750,346.0,0.024,0.449,0.070,0.457
208,Hybrid,Ranged,TouchTimeout_Partial,30.0,1.000,0,0,0,0,0,-0.345,354.1,0.014,0.423,0.043,0.519
209,CC,Melee,TouchTimeout_Partial,30.0,1.000,0,0,0,0,0,-0.268,346.6,0.024,0.453,0.070,0.453
210,Hybrid,Hybrid,BossWin,21.6,1.000,0,0,0,0,0,0.923,243.9,0.038,0.416,0.065,0.481
211,CC,Hybrid,BossWin,17.5,1.000,0,0,0,0,0,1.145,208.2,0.013,0.497,0.068,0.422
212,CC,Ranged,TouchTimeout_Partial,30.0,1.000,0,0,0,0,0,0.025,348.4,0.007,0.403,0.060,0.530
213,CC,Ranged,BossWin,29.1,1.000,0,0,0,0,0,0.660,339.6,0.021,0.489,0.079,0.412
214,Melee,Ranged,TouchTimeout_Partial,30.0,1.000,0,0,0,0,0,-0.063,345.9,0.017,0.423,0.067,0.493
215,Hybrid,Ranged,BossWin,14.6,1.000,0,0,0,0,0,1.023,169.8,0.045,0.497,0.062,0.397
216,Hybrid,Melee,TouchTimeout_Partial,30.0,1.000,0,0,0,0,0,-0.192,350.0,0.018,0.410,0.047,0.525
217,Melee,Melee,TouchTimeout_Partial,30.0,1.000,0,0,0,0,0,-0.446,343.6,0.031,0.430,0.062,0.477
218,Melee,Ranged,BossWin,11.7,1.000,0,0,0,0,0,1.078,131.7,0.055,0.440,0.060,0.445
219,Hybrid,Ranged,TouchTimeout_Partial,30.0,1.000,0,0,0,0,0,0.092,367.8,0.022,0.570,0.055,0.353
220,CC,Melee,BossWin,24.2,1.000,0,0,0,0,0,0.925,275.1,0.023,0.411,0.070,0.496
221,CC,CC,TouchTimeout_Partial,30.0,1.000,0,0,0,0,0,-0.453,339.0,0.029,0.400,0.067,0.505
222,CC,Ranged,TouchTimeout_Partial,30.0,1.000,0,0,0,0,0,-0.280,338.2,0.022,0.408,0.080,0.490
223,CC,Hybrid,TouchTimeout_Partial,30.0,1.000,0,0,0,0,0,0.116,352.1,0.005,0.410,0.053,0.532
224,Ranged,Hybrid,TouchTimeout_Partial,30.0,1.000,0,0,0,0,0,0.027,353.9,0.015,0.423,0.043,0.519
225,Melee,Hybrid,TouchTimeout_Partial,30.0,1.000,0,0,0,0,0,-0.399,336.3,0.018,0.410,0.090,0.482
226,CC,CC,TouchTimeout_Partial,30.0,1.000,0,0,0,0,0,0.179,360.2,0.015,0.423,0.023,0.539
227,Melee,CC,BossWin,18.6,1.000,0,0,0,0,0,1.004,217.1,0.029,0.451,0.054,0.466
228,Hybrid,Hybrid,TouchTimeout_Partial,30.0,1.000,0,0,0,0,0,-0.101,340.9,0.007,0.403,0.083,0.506
229,Hybrid,CC,TouchTimeout_Partial,30.0,1.000,0,0,0,0,0,-0.076,349.9,0.011,0.416,0.057,0.517
230,Hybrid,Melee,BossWin,18.3,1.000,0,0,0,0,0,1.037,214.5,0.012,0.452,0.066,0.470
231,Ranged,Hybrid,TouchTimeout_Partial,30.0,1.000,0,0,0,0,0,-0.309,340.9,0.011,0.380,0.070,0.539
232,CC,Ranged,TouchTimeout_Partial,30.0,1.000,0,0,0,0,0,-0.324,355.1,0.021,0.493,0.063,0.423
233,CC,Ranged,TouchTimeout_Partial,30.0,1.000,0,0,0,0,0,0.014,351.7,0.004,0.406,0.053,0.537
234,CC,Hybrid,BossWin,24.1,1.000,0,0,0,0,0,0.943,278.4,0.022,0.453,0.071,0.455
235,Hybrid,CC,TouchTimeout_Partial,30.0,1.000,0,0,0,0,0,-0.181,348.6,0.012,0.417,0.060,0.511
236,CC,Hybrid,TouchTimeout_Partial,30.0,1.000,0,0,0,0,0,-0.922,351.1,0.015,0.475,0.073,0.437
237,CC,Melee,TouchTimeout_Partial,30.0,1.000,0,0,0,0,0,-0.092,355.2,0.012,0.411,0.037,0.540
238,Hybrid,Hybrid,BossWin,26.0,1.000,0,0,0,0,0,0.827,313.8,0.018,0.552,0.069,0.362
239,CC,Melee,BossWin,19.2,1.000,0,0,0,0,0,0.999,221.0,0.024,0.429,0.063,0.485
240,CC,CC,BossWin,19.5,1.000,0,0,0,0,0,1.001,223.4,0.020,0.452,0.082,0.447
241,Melee,CC,BossWin,2.6,1.000,0,0,0,0,0,1.850,33.0,0.000,0.690,0.078,0.233
242,Melee,Hybrid,TouchTimeout_Partial,30.0,1.000,0,0,0,0,0,0.129,353.9,0.004,0.453,0.067,0.476
243,Melee,Ranged,TouchTimeout_Partial,30.0,1.000,0,0,0,0,0,0.182,352.0,0.017,0.377,0.027,0.579
244,CC,Hybrid,TouchTimeout_Partial,30.0,1.000,0,0,0,0,0,-0.323,348.1,0.011,0.426,0.067,0.497
245,CC,Melee,BossWin,17.5,1.000,0,0,0,0,0,1.034,204.6,0.013,0.460,0.069,0.458
246,Hybrid,Melee,BossWin,10.1,1.000,0,0,0,0,0,1.197,120.5,0.026,0.510,0.059,0.405
247,Melee,Melee,TouchTimeout_Partial,30.0,1.000,0,0,0,0,0,0.132,351.7,0.011,0.415,0.050,0.523
248,Melee,Melee,TouchTimeout_Partial,30.0,1.000,0,0,0,0,0,-0.010,345.9,0.015,0.403,0.060,0.522
249,CC,Melee,TouchTimeout_Partial,30.0,1.000,0,0,0,0,0,-0.103,346.5,0.021,0.400,0.050,0.529
250,Hybrid,Melee,TouchTimeout_Partial,30.0,1.000,0,0,0,0,0,-0.233,337.4,0.018,0.363,0.067,0.552
251,CC,Melee,TouchTimeout_Partial,30.0,1.000,0,0,0,0,0,-0.169,352.8,0.008,0.423,0.053,0.515
252,Hybrid,Hybrid,TouchTimeout_Partial,30.0,1.000,0,0,0,0,0,-0.463,339.8,0.018,0.397,0.073,0.512
253,Melee,CC,TouchTimeout_Partial,30.0,1.000,0,0,0,0,0,-0.048,344.3,0.011,0.383,0.060,0.545
254,Ranged,Melee,TouchTimeout_Partial,30.0,1.000,0,0,0,0,0,-0.132,345.6,0.011,0.409,0.067,0.513
255,Ranged,Ranged,BossWin,21.0,1.000,0,0,0,0,0,1.118,241.5,0.011,0.387,0.057,0.544
256,Ranged,Ranged,BossWin,15.6,1.000,0,0,0,0,0,0.885,173.7,0.024,0.456,0.109,0.411
257,Ranged,Melee,TouchTimeout_Partial,30.0,1.000,0,0,0,0,0,-0.494,353.7,0.013,0.403,0.037,0.547
258,Ranged,Hybrid,TouchTimeout_Partial,30.0,1.000,0,0,0,0,0,-0.132,347.8,0.010,0.407,0.060,0.523
259,Melee,Melee,TouchTimeout_Partial,30.0,1.000,0,0,0,0,0,0.015,356.2,0.007,0.430,0.047,0.517
260,CC,CC,BossWin,17.2,1.000,0,0,0,0,0,1.150,209.6,0.006,0.506,0.052,0.436
261,Ranged,Melee,BossWin,13.9,1.000,0,0,0,0,0,1.284,163.4,0.020,0.417,0.036,0.527
262,Melee,Hybrid,BossWin,23.3,1.000,0,0,0,0,0,0.953,273.9,0.014,0.459,0.064,0.463
263,Hybrid,Ranged,BossWin,26.8,1.000,0,0,0,0,0,0.734,304.8,0.015,0.418,0.082,0.485
264,Hybrid,Ranged,TouchTimeout_Partial,30.0,1.000,0,0,0,0,0,-0.009,343.4,0.009,0.403,0.073,0.514
265,Ranged,Melee,TouchTimeout_Partial,30.0,1.000,0,0,0,0,0,-0.421,345.1,0.023,0.424,0.063,0.490
266,Melee,Hybrid,BossWin,25.8,1.000,0,0,0,0,0,1.036,302.2,0.007,0.430,0.062,0.501
267,Melee,CC,BossWin,27.8,1.000,0,0,0,0,0,0.950,333.7,0.017,0.515,0.061,0.406
268,Ranged,CC,BossWin,20.2,1.000,0,0,0,0,0,1.048,233.1,0.023,0.388,0.045,0.545
269,Hybrid,Hybrid,TouchTimeout_Partial,30.0,1.000,0,0,0,0,0,0.134,353.4,0.005,0.390,0.040,0.565
270,Hybrid,Ranged,BossWin,23.6,1.000,0,0,0,0,0,0.995,278.1,0.015,0.454,0.055,0.475
271,Ranged,Hybrid,TouchTimeout_Partial,30.0,1.000,0,0,0,0,0,0.089,350.7,0.013,0.397,0.043,0.547
272,Melee,CC,TouchTimeout_Partial,30.0,1.000,0,0,0,0,0,-0.109,357.0,0.007,0.420,0.040,0.533
273,Ranged,Melee,BossWin,12.1,1.000,0,0,0,0,0,1.062,137.9,0.000,0.521,0.140,0.338
274,CC,Melee,BossWin,7.7,1.000,0,0,0,0,0,1.901,89.4,0.023,0.376,0.026,0.574
275,Hybrid,Hybrid,TouchTimeout_Partial,30.0,1.000,0,0,0,0,0,-0.002,351.0,0.004,0.416,0.060,0.520
276,Melee,Hybrid,BossWin,14.3,1.000,0,0,0,0,0,1.162,169.4,0.015,0.441,0.049,0.495
277,Ranged,Hybrid,TouchTimeout_Partial,30.0,1.000,0,0,0,0,0,-0.085,354.5,0.009,0.400,0.037,0.554
278,Ranged,Melee,TouchTimeout_Partial,30.0,1.000,0,0,0,0,0,-0.330,343.8,0.007,0.400,0.073,0.520
279,Ranged,Hybrid,TouchTimeout_None,30.0,1.000,0,0,0,0,0,-0.834,353.2,0.003,0.391,0.043,0.563
280,Ranged,Hybrid,BossWin,14.9,1.000,0,0,0,0,0,1.227,178.2,0.019,0.497,0.054,0.430
281,Melee,Ranged,TouchTimeout_Partial,30.0,1.000,0,0,0,0,0,-0.434,337.6,0.010,0.370,0.077,0.543
282,CC,CC,TouchTimeout_Partial,30.0,1.000,0,0,0,0,0,-0.208,340.5,0.023,0.383,0.060,0.533
283,Hybrid,Hybrid,TouchTimeout_Partial,30.0,1.000,0,0,0,0,0,-0.516,339.3,0.027,0.437,0.083,0.453
284,Ranged,CC,TouchTimeout_Partial,30.0,1.000,0,0,0,0,0,0.022,357.3,0.000,0.430,0.050,0.520
285,Hybrid,Ranged,BossWin,12.4,1.000,0,0,0,0,0,1.182,150.8,0.024,0.523,0.040,0.412
286,Hybrid,CC,TouchTimeout_Partial,30.0,1.000,0,0,0,0,0,-0.331,331.8,0.027,0.383,0.083,0.507
287,Ranged,Melee,TouchTimeout_Partial,30.0,1.000,0,0,0,0,0,-0.116,344.2,0.007,0.420,0.080,0.493
288,CC,Hybrid,BossWin,25.5,1.000,0,0,0,0,0,0.964,297.9,0.020,0.416,0.047,0.517
289,Ranged,CC,TouchTimeout_Partial,30.0,1.000,0,0,0,0,0,-0.413,349.4,0.019,0.463,0.070,0.447
290,Melee,CC,TouchTimeout_Partial,30.0,1.000,0,0,0,0,0,-0.167,351.0,0.009,0.421,0.057,0.513
291,Hybrid,CC,TouchTimeout_Partial,30.0,1.000,0,0,0,0,0,-0.448,328.4,0.026,0.393,0.100,0.481
292,Ranged,CC,BossWin,27.8,1.000,0,0,0,0,0,1.159,333.1,0.010,0.433,0.036,0.521
293,CC,Ranged,TouchTimeout_Partial,30.0,1.000,0,0,0,0,0,0.113,353.4,0.008,0.412,0.047,0.533
294,Ranged,Hybrid,TouchTimeout_Partial,30.0,1.000,0,0,0,0,0,0.015,348.9,0.015,0.410,0.053,0.522
295,Ranged,Ranged,TouchTimeout_Partial,30.0,1.000,0,0,0,0,0,-0.139,342.0,0.021,0.413,0.070,0.495
296,Ranged,Melee,TouchTimeout_Partial,30.0,1.000,0,0,0,0,0,-0.185,353.2,0.015,0.419,0.043,0.523
297,Melee,Ranged,TouchTimeout_Partial,30.0,1.000,0,0,0,0,0,0.010,351.5,0.008,0.413,0.053,0.525
298,CC,Ranged,TouchTimeout_Partial,30.0,1.000,0,0,0,0,0,0.011,358.7,0.005,0.420,0.037,0.539
299,Melee,CC,TouchTimeout_Partial,30.0,1.000,0,0,0,0,0,-0.238,349.1,0.015,0.403,0.050,0.532
300,Hybrid,Hybrid,BossWin,25.8,1.000,0,0,0,0,0,0.821,289.2,0.025,0.401,0.078,0.497
301,Ranged,Melee,BossWin,30.0,1.000,0,0,0,0,0,1.084,354.4,0.013,0.417,0.040,0.530
302,Melee,Hybrid,TouchTimeout_Partial,30.0,1.000,0,0,0,0,0,0.138,356.4,0.007,0.400,0.033,0.560
303,Melee,CC,BossWin,18.1,1.000,0,0,0,0,0,1.166,215.4,0.011,0.485,0.061,0.443
304,Ranged,Ranged,TouchTimeout_Partial,30.0,1.000,0,0,0,0,0,-0.088,353.1,0.001,0.425,0.060,0.513
305,Hybrid,Hybrid,TouchTimeout_Partial,30.0,1.000,0,0,0,0,0,-0.365,337.5,0.021,0.403,0.080,0.495
306,Ranged,CC,BossWin,15.5,1.000,0,0,0,0,0,1.155,186.2,0.003,0.481,0.058,0.459
307,Melee,Hybrid,TouchTimeout_Partial,30.0,1.000,0,0,0,0,0,-0.193,351.3,0.005,0.413,0.057,0.525
308,Melee,Ranged,TouchTimeout_Partial,30.0,1.000,0,0,0,0,0,0.110,348.7,0.015,0.395,0.047,0.543
309,Hybrid,Hybrid,BossWin,27.5,1.000,0,0,0,0,0,1.032,320.9,0.006,0.419,0.062,0.513
310,CC,Melee,TouchTimeout_Partial,30.0,1.000,0,0,0,0,0,-0.099,355.7,0.006,0.417,0.043,0.534
311,Ranged,Melee,TouchTimeout_Partial,30.0,1.000,0,0,0,0,0,-0.122,347.9,0.016,0.413,0.057,0.514
312,Hybrid,Melee,TouchTimeout_Partial,30.0,1.000,0,0,0,0,0,0.192,347.5,0.013,0.411,0.060,0.517
313,Hybrid,Hybrid,BossWin,22.5,1.000,0,0,0,0,0,1.143,263.8,0.008,0.378,0.036,0.578
314,Ranged,CC,BossWin,25.0,1.000,0,0,0,0,0,1.096,293.1,0.001,0.412,0.060,0.528
315,Hybrid,Ranged,BossWin,9.7,1.000,0,0,0,0,0,1.190,116.4,0.010,0.526,0.072,0.392
316,Melee,Hybrid,TouchTimeout_Partial,30.0,1.000,0,0,0,0,0,-0.167,356.2,0.007,0.453,0.057,0.483
317,Melee,CC,TouchTimeout_Partial,30.0,1.000,0,0,0,0,0,0.141,353.5,0.010,0.410,0.043,0.537
318,Melee,Ranged,TouchTimeout_Partial,30.0,1.000,0,0,0,0,0,-1.204,339.3,0.023,0.437,0.087,0.453
319,Ranged,CC,BossWin,10.7,1.000,0,0,0,0,0,1.201,127.8,0.009,0.495,0.065,0.430
320,Ranged,Ranged,TouchTimeout_Partial,30.0,1.000,0,0,0,0,0,-0.227,347.4,0.007,0.380,0.053,0.560
321,Melee,Melee,BossWin,11.3,1.000,0,0,0,0,0,1.215,127.8,0.009,0.407,0.088,0.496
322,Melee,Melee,BossWin,26.1,1.000,0,0,0,0,0,1.064,308.7,0.019,0.451,0.046,0.483
323,Melee,CC,BossWin,9.0,1.000,0,0,0,0,0,1.253,109.0,0.004,0.536,0.067,0.393
324,Hybrid,CC,TouchTimeout_Partial,30.0,1.000,0,0,0,0,0,-0.120,354.1,0.003,0.420,0.053,0.524
325,Hybrid,Hybrid,BossWin,11.8,1.000,0,0,0,0,0,1.308,140.3,0.015,0.442,0.042,0.500
326,Ranged,Melee,TouchTimeout_None,30.0,1.000,0,0,0,0,0,-0.973,350.7,0.006,0.411,0.057,0.527
327,Melee,Melee,TouchTimeout_Partial,30.0,1.000,0,0,0,0,0,-0.752,351.6,0.003,0.441,0.070,0.487
328,Hybrid,Ranged,TouchTimeout_Partial,30.0,1.000,0,0,0,0,0,-0.012,354.7,0.006,0.417,0.047,0.531
329,Melee,Ranged,TouchTimeout_Partial,30.0,1.000,0,0,0,0,0,-0.231,342.7,0.013,0.413,0.077,0.497
330,Ranged,Ranged,TouchTimeout_Partial,30.0,1.000,0,0,0,0,0,0.141,356.2,0.003,0.397,0.037,0.564
331,Hybrid,CC,BossWin,19.8,1.000,0,0,0,0,0,1.102,229.8,0.009,0.420,0.066,0.505
332,CC,Ranged,BossWin,23.7,1.000,0,0,0,0,0,1.071,279.9,0.003,0.422,0.051,0.524
333,Ranged,Melee,BossWin,20.7,1.000,0,0,0,0,0,0.983,239.7,0.011,0.434,0.072,0.483
334,Hybrid,Hybrid,BossWin,12.1,1.000,0,0,0,0,0,1.106,140.7,0.002,0.486,0.099,0.413
335,CC,Hybrid,BossWin,19.3,1.000,0,0,0,0,0,1.079,229.1,0.001,0.469,0.067,0.462
336,CC,CC,TouchTimeout_Partial,30.0,1.000,0,0,0,0,0,0.273,356.7,0.002,0.383,0.030,0.585
337,Melee,Melee,TouchTimeout_Partial,30.0,1.000,0,0,0,0,0,-0.015,346.9,0.012,0.373,0.047,0.568
338,Melee,Melee,TouchTimeout_Partial,30.0,1.000,0,0,0,0,0,-0.431,338.8,0.022,0.415,0.080,0.483
339,Melee,CC,TouchTimeout_Partial,30.0,1.000,0,0,0,0,0,0.262,355.6,0.005,0.368,0.023,0.603
340,Ranged,Melee,TouchTimeout_Partial,30.0,1.000,0,0,0,0,0,-0.234,340.8,0.012,0.445,0.097,0.447
341,Hybrid,CC,BossWin,22.0,1.000,0,0,0,0,0,0.980,255.9,0.003,0.433,0.073,0.492
342,Ranged,CC,TouchTimeout_Partial,30.0,1.000,0,0,0,0,0,0.360,360.4,0.010,0.453,0.040,0.497
343,Ranged,Ranged,BossWin,16.5,1.000,0,0,0,0,0,1.168,193.8,0.000,0.453,0.073,0.474
344,Hybrid,CC,TouchTimeout_Partial,30.0,1.000,0,0,0,0,0,-0.239,347.8,0.011,0.402,0.057,0.530
345,Melee,Hybrid,TouchTimeout_Partial,30.0,1.000,0,0,0,0,0,0.307,360.0,0.001,0.430,0.040,0.529
346,Hybrid,Ranged,BossWin,28.1,1.000,0,0,0,0,0,1.006,336.9,0.009,0.455,0.046,0.490
347,Ranged,Melee,TouchTimeout_Partial,30.0,1.000,0,0,0,0,0,0.288,355.5,0.003,0.370,0.027,0.600
348,Hybrid,Hybrid,BossWin,28.7,1.000,0,0,0,0,0,0.985,341.5,0.007,0.439,0.049,0.505
349,Melee,CC,BossWin,10.4,1.000,0,0,0,0,0,1.268,129.3,0.008,0.548,0.039,0.405
350,CC,CC,TouchTimeout_Partial,30.0,1.000,0,0,0,0,0,0.097,352.1,0.011,0.393,0.040,0.556
351,Melee,CC,BossWin,28.2,1.000,0,0,0,0,0,1.013,337.3,0.004,0.447,0.050,0.499
352,Ranged,Melee,TouchTimeout_Partial,30.0,1.000,0,0,0,0,0,-0.180,379.0,0.003,0.597,0.050,0.350
353,Ranged,Melee,BossWin,21.8,1.000,0,0,0,0,0,1.248,271.7,0.008,0.536,0.037,0.419
354,Melee,Melee,TouchTimeout_Partial,30.0,1.000,0,0,0,0,0,-0.097,360.3,0.011,0.483,0.052,0.453
355,Ranged,CC,BossWin,6.1,1.000,0,0,0,0,0,1.227,70.8,0.023,0.548,0.099,0.330
356,Melee,Ranged,TouchTimeout_Partial,30.0,1.000,0,0,0,0,0,-0.144,352.5,0.013,0.424,0.050,0.513
357,Melee,Melee,BossWin,19.3,1.000,0,0,0,0,0,1.014,227.0,0.015,0.477,0.067,0.441
358,Ranged,CC,BossWin,8.8,1.000,0,0,0,0,0,1.346,105.6,0.002,0.484,0.057,0.457
359,CC,Ranged,BossWin,16.0,1.000,0,0,0,0,0,1.038,185.1,0.010,0.447,0.081,0.462
360,Melee,Melee,BossWin,20.5,1.000,0,0,0,0,0,1.314,252.9,0.007,0.487,0.029,0.477
361,Hybrid,Ranged,TouchTimeout_Partial,30.0,1.000,0,0,0,0,0,0.190,352.9,0.000,0.367,0.037,0.597
362,Melee,Ranged,TouchTimeout_Partial,30.0,1.000,0,0,0,0,0,-0.065,367.3,0.007,0.567,0.070,0.357
363,CC,CC,BossWin,10.7,1.000,0,0,0,0,0,1.288,125.0,0.000,0.447,0.075,0.478
364,Hybrid,Melee,TouchTimeout_Partial,30.0,1.000,0,0,0,0,0,-0.790,364.2,0.005,0.500,0.053,0.442
365,Hybrid,Ranged,BossWin,20.7,1.000,0,0,0,0,0,1.131,250.2,0.002,0.467,0.048,0.483
366,Hybrid,Ranged,BossWin,9.4,1.000,0,0,0,0,0,1.230,114.0,0.013,0.528,0.053,0.406
367,CC,Melee,BossWin,6.2,1.000,0,0,0,0,0,1.409,71.7,0.010,0.371,0.048,0.571
368,Melee,CC,BossWin,29.2,1.000,0,0,0,0,0,1.028,349.6,0.002,0.474,0.062,0.462
369,Melee,Hybrid,TouchTimeout_Partial,30.0,1.000,0,0,0,0,0,0.033,347.9,0.001,0.387,0.060,0.552
370,CC,CC,BossWin,10.4,1.000,0,0,0,0,0,1.126,121.7,0.023,0.489,0.077,0.412
371,Ranged,CC,BossWin,19.2,1.000,0,0,0,0,0,1.145,224.7,0.000,0.422,0.068,0.510
372,Hybrid,CC,TouchTimeout_Partial,30.0,1.000,0,0,0,0,0,-0.296,350.8,0.003,0.450,0.077,0.471
373,Ranged,Melee,BossWin,18.1,1.000,0,0,0,0,0,1.200,216.6,0.015,0.481,0.050,0.454
374,CC,Ranged,BossWin,23.7,1.000,0,0,0,0,0,1.143,277.5,0.000,0.409,0.059,0.532
375,CC,CC,TouchTimeout_Partial,30.0,1.000,0,0,0,0,0,0.059,350.4,0.004,0.419,0.063,0.513
376,CC,Ranged,BossWin,22.6,1.000,0,0,0,0,0,1.090,271.5,0.001,0.460,0.053,0.486
377,Melee,Ranged,BossWin,16.0,1.000,0,0,0,0,0,0.960,181.7,0.013,0.438,0.094,0.456
378,Hybrid,CC,TouchTimeout_Partial,30.0,1.000,0,0,0,0,0,-0.208,346.3,0.000,0.427,0.083,0.490
379,Hybrid,Ranged,TouchTimeout_Partial,30.0,1.000,0,0,0,0,0,-0.369,355.2,0.007,0.453,0.060,0.480
380,CC,CC,BossWin,9.4,1.000,0,0,0,0,0,1.389,118.4,0.000,0.564,0.043,0.394
381,Ranged,Melee,BossWin,10.3,1.000,0,0,0,0,0,1.273,126.8,0.000,0.515,0.049,0.437
382,Hybrid,CC,BossWin,14.2,1.000,0,0,0,0,0,1.111,168.5,0.007,0.492,0.071,0.431
383,CC,Hybrid,BossWin,12.1,1.000,0,0,0,0,0,1.163,143.7,0.003,0.559,0.107,0.330
384,CC,CC,BossWin,11.3,1.000,0,0,0,0,0,1.083,128.4,0.002,0.474,0.115,0.409
385,Melee,Ranged,BossWin,10.9,1.000,0,0,0,0,0,1.673,130.8,0.006,0.517,0.073,0.404
386,Melee,CC,BossWin,20.3,1.000,0,0,0,0,0,1.034,234.6,0.018,0.454,0.074,0.454
387,Hybrid,CC,BossWin,27.4,1.000,0,0,0,0,0,1.047,326.2,0.000,0.434,0.051,0.515
388,Ranged,Melee,TouchTimeout_Partial,30.0,1.000,0,0,0,0,0,0.187,371.5,0.001,0.529,0.047,0.423
389,CC,Melee,BossWin,15.7,1.000,0,0,0,0,0,1.301,186.8,0.001,0.424,0.045,0.530
390,Ranged,Melee,BossWin,15.5,1.000,0,0,0,0,0,1.079,175.4,0.017,0.434,0.090,0.459
391,Hybrid,Ranged,TouchTimeout_Partial,30.0,1.000,0,0,0,0,0,-0.179,355.5,0.003,0.454,0.063,0.480
392,Ranged,Ranged,BossWin,24.2,1.000,0,0,0,0,0,0.940,295.8,0.012,0.555,0.062,0.372
393,Hybrid,Melee,BossWin,29.4,1.000,0,0,0,0,0,0.507,326.0,0.006,0.435,0.126,0.433
394,Ranged,Melee,TouchTimeout_Partial,30.0,1.000,0,0,0,0,0,0.044,353.8,0.011,0.462,0.063,0.463
395,Hybrid,Hybrid,BossWin,27.5,1.000,0,0,0,0,0,1.045,320.4,0.001,0.399,0.062,0.537
396,CC,CC,BossWin,14.7,1.000,0,0,0,0,0,1.046,174.2,0.000,0.518,0.095,0.387
397,Melee,Ranged,BossWin,27.0,1.000,0,0,0,0,0,1.077,325.5,0.007,0.456,0.041,0.496
398,Hybrid,Ranged,BossWin,13.1,1.000,0,0,0,0,0,1.074,147.6,0.029,0.461,0.099,0.411
399,Hybrid,Hybrid,BossWin,16.6,1.000,0,0,0,0,0,1.234,200.6,0.002,0.498,0.060,0.440
400,Hybrid,Melee,TouchTimeout_Partial,30.0,1.000,0,0,0,0,0,-0.277,338.9,0.015,0.413,0.087,0.485
401,CC,Hybrid,BossWin,11.1,1.000,0,0,0,0,0,1.292,131.4,0.004,0.448,0.063,0.486
402,CC,CC,BossWin,27.0,1.000,0,0,0,0,0,1.047,324.6,0.001,0.496,0.067,0.437
403,Ranged,Melee,BossWin,8.0,1.000,0,0,0,0,0,1.283,98.3,0.003,0.548,0.063,0.388
404,CC,Ranged,BossWin,29.3,1.000,0,0,0,0,0,0.591,334.6,0.004,0.463,0.106,0.427
405,Melee,Ranged,BossWin,16.2,1.000,0,0,0,0,0,1.049,189.2,0.002,0.462,0.086,0.450
406,Ranged,Hybrid,BossWin,6.7,1.000,0,0,0,0,0,1.192,79.8,0.000,0.610,0.120,0.270
407,CC,Melee,BossWin,16.4,1.000,0,0,0,0,0,1.108,185.4,0.002,0.405,0.092,0.501
408,Ranged,CC,BossWin,15.0,1.000,0,0,0,0,0,1.174,182.3,0.012,0.496,0.047,0.445
409,Melee,Melee,BossWin,10.1,1.000,0,0,0,0,0,1.159,118.7,0.004,0.483,0.089,0.424
410,Melee,Ranged,BossWin,9.6,1.000,0,0,0,0,0,1.312,117.2,0.010,0.530,0.052,0.407
411,CC,Hybrid,TouchTimeout_Partial,30.0,1.000,0,0,0,0,0,-0.483,360.1,0.007,0.553,0.087,0.353
412,Hybrid,Melee,BossWin,6.4,1.000,0,0,0,0,0,1.241,78.6,0.003,0.622,0.094,0.281
413,Ranged,Hybrid,BossWin,13.4,1.000,0,0,0,0,0,1.054,158.1,0.009,0.536,0.097,0.358
414,CC,Hybrid,BossWin,12.6,1.000,0,0,0,0,0,1.239,161.3,0.002,0.625,0.048,0.325
415,Hybrid,Hybrid,BossWin,13.9,1.000,0,0,0,0,0,1.151,159.2,0.016,0.425,0.079,0.481
416,CC,CC,BossWin,19.6,1.000,0,0,0,0,0,1.002,225.9,0.009,0.469,0.092,0.429
417,Melee,Hybrid,TouchTimeout_Partial,30.0,1.000,0,0,0,0,0,-0.111,358.0,0.001,0.437,0.050,0.513
418,Hybrid,CC,BossWin,10.6,1.000,0,0,0,0,0,1.039,125.9,0.002,0.612,0.132,0.254
419,Melee,Melee,TouchTimeout_Partial,30.0,1.000,0,0,0,0,0,-0.207,343.3,0.010,0.397,0.070,0.523
420,Melee,CC,BossWin,16.4,1.000,0,0,0,0,0,1.218,206.4,0.000,0.616,0.067,0.317
421,Hybrid,Melee,BossWin,26.4,1.000,0,0,0,0,0,0.712,307.1,0.007,0.486,0.095,0.413
422,Hybrid,Melee,BossWin,22.8,1.000,0,0,0,0,0,1.020,278.0,0.003,0.520,0.061,0.416
423,Melee,Hybrid,BossWin,9.7,1.000,0,0,0,0,0,1.742,119.0,0.002,0.535,0.062,0.401
424,Ranged,Melee,BossWin,5.3,1.000,0,0,0,0,0,1.441,62.1,0.000,0.380,0.038,0.582
425,CC,Hybrid,TouchTimeout_Partial,30.0,1.000,0,0,0,0,0,-0.299,347.4,0.005,0.422,0.073,0.500
426,Hybrid,Hybrid,BossWin,7.8,1.000,0,0,0,0,0,1.253,94.7,0.018,0.547,0.064,0.371
427,CC,Hybrid,BossWin,28.5,1.000,0,0,0,0,0,0.915,342.4,0.001,0.523,0.081,0.396
428,Melee,CC,BossWin,28.3,1.000,0,0,0,0,0,0.787,333.0,0.010,0.488,0.078,0.424
429,CC,Melee,BossWin,11.7,1.000,0,0,0,0,0,1.698,141.0,0.009,0.504,0.060,0.427
430,CC,CC,BossWin,7.0,1.000,0,0,0,0,0,1.365,86.6,0.014,0.598,0.057,0.330
431,CC,Melee,TouchTimeout_Partial,30.0,1.000,0,0,0,0,0,-0.702,376.8,0.005,0.617,0.063,0.315
432,Ranged,Ranged,BossWin,8.8,1.000,0,0,0,0,0,1.209,109.5,0.005,0.642,0.080,0.274
433,CC,CC,TouchTimeout_Partial,30.0,1.000,0,0,0,0,0,-0.854,379.3,0.006,0.630,0.060,0.304
434,CC,CC,BossWin,10.4,1.000,0,0,0,0,0,1.147,122.3,0.017,0.510,0.077,0.396
435,Melee,Ranged,BossWin,9.4,1.000,0,0,0,0,0,1.255,122.3,0.002,0.699,0.053,0.246
436,CC,Hybrid,BossWin,20.1,1.000,0,0,0,0,0,0.951,236.1,0.008,0.476,0.079,0.437
437,CC,Melee,BossWin,10.6,1.000,0,0,0,0,0,1.247,123.8,0.002,0.469,0.085,0.444
438,Hybrid,Hybrid,BossWin,7.7,1.000,0,0,0,0,0,1.275,96.0,0.005,0.616,0.065,0.313
439,Melee,Ranged,BossWin,10.6,1.000,0,0,0,0,0,1.195,127.2,0.017,0.522,0.066,0.395
440,CC,Melee,BossWin,6.9,1.000,0,0,0,0,0,1.382,87.0,0.009,0.616,0.058,0.318
441,Hybrid,CC,BossWin,12.0,1.000,0,0,0,0,0,1.235,138.9,0.003,0.432,0.083,0.482
442,Hybrid,Hybrid,BossWin,6.8,1.000,0,0,0,0,0,1.747,82.2,0.015,0.559,0.074,0.353
443,Hybrid,Hybrid,BossWin,16.5,1.000,0,0,0,0,0,1.117,194.9,0.000,0.496,0.085,0.419
444,Hybrid,CC,BossWin,7.6,1.000,0,0,0,0,0,1.289,90.8,0.018,0.586,0.092,0.303
445,Hybrid,Ranged,BossWin,15.1,1.000,0,0,0,0,0,1.080,176.4,0.004,0.465,0.080,0.452
446,Ranged,Melee,BossWin,21.2,1.000,0,0,0,0,0,0.864,257.0,0.014,0.594,0.085,0.307
447,Ranged,Melee,BossWin,7.8,1.000,0,0,0,0,0,1.222,92.7,0.028,0.613,0.103,0.256
448,Hybrid,Ranged,BossWin,5.2,1.000,0,0,0,0,0,1.298,59.8,0.004,0.570,0.136,0.291
449,Ranged,Ranged,BossWin,8.4,1.000,0,0,0,0,0,1.741,95.7,0.007,0.458,0.107,0.428
450,Hybrid,Ranged,BossWin,12.5,1.000,0,0,0,0,0,0.981,144.9,0.019,0.549,0.112,0.320
451,Melee,Hybrid,BossWin,15.6,1.000,0,0,0,0,0,1.035,183.3,0.015,0.486,0.077,0.422
452,CC,Ranged,BossWin,15.6,1.000,0,0,0,0,0,1.115,189.8,0.006,0.538,0.064,0.392
453,Hybrid,Hybrid,BossWin,9.6,1.000,0,0,0,0,0,1.235,118.1,0.023,0.562,0.052,0.363
454,Hybrid,Melee,BossWin,12.1,1.000,0,0,0,0,0,1.229,149.0,0.007,0.601,0.082,0.310
455,Melee,Ranged,BossWin,7.4,1.000,0,0,0,0,0,1.237,91.2,0.005,0.591,0.081,0.323
456,Ranged,Ranged,BossWin,20.3,1.000,0,0,0,0,0,0.947,239.9,0.025,0.494,0.064,0.418
457,CC,Ranged,BossWin,11.0,1.000,0,0,0,0,0,1.225,135.2,0.005,0.532,0.054,0.408
458,Melee,Hybrid,BossWin,16.9,1.000,0,0,0,0,0,1.101,204.6,0.002,0.525,0.071,0.402
459,Ranged,CC,BossWin,28.0,1.000,0,0,0,0,0,0.918,346.3,0.008,0.596,0.071,0.325
460,Melee,Hybrid,BossWin,19.4,1.000,0,0,0,0,0,1.065,161.1,0.004,0.486,0.067,0.443
461,Melee,Melee,BossWin,7.9,1.000,0,0,0,0,0,1.250,55.8,0.020,0.649,0.051,0.280
462,CC,Ranged,BossWin,20.1,1.000,0,0,0,0,0,0.914,137.8,0.005,0.603,0.089,0.303
463,Ranged,CC,BossWin,28.3,1.000,0,0,0,0,0,0.850,189.2,0.006,0.493,0.071,0.430
464,Melee,Ranged,BossWin,7.6,1.000,0,0,0,0,0,1.350,52.5,0.003,0.575,0.066,0.356
465,CC,CC,TouchTimeout_Partial,30.0,1.000,0,0,0,0,0,-0.676,213.1,0.005,0.637,0.060,0.299
466,Hybrid,CC,BossWin,7.5,1.000,0,0,0,0,0,1.293,51.1,0.005,0.584,0.093,0.318
467,Hybrid,Hybrid,BossWin,15.9,1.000,0,0,0,0,0,1.125,111.6,0.000,0.611,0.069,0.320
468,CC,Melee,BossWin,8.8,1.000,0,0,0,0,0,1.253,56.8,0.009,0.481,0.102,0.408
469,CC,Ranged,BossWin,18.2,1.000,0,0,0,0,0,1.039,127.6,0.009,0.629,0.071,0.291
470,Hybrid,CC,BossWin,6.3,1.000,0,0,0,0,0,1.259,44.0,0.003,0.632,0.079,0.286
471,Hybrid,CC,BossWin,10.7,1.000,0,0,0,0,0,1.207,74.1,0.002,0.604,0.075,0.319
472,Ranged,Hybrid,BossWin,14.6,1.000,0,0,0,0,0,0.993,101.6,0.004,0.668,0.102,0.225
473,Ranged,Ranged,BossWin,11.4,1.000,0,0,0,0,0,1.282,85.5,0.002,0.744,0.044,0.210
474,CC,Ranged,BossWin,6.6,1.000,0,0,0,0,0,1.272,43.5,0.015,0.574,0.106,0.304
475,Hybrid,Ranged,BossWin,8.0,1.000,0,0,0,0,0,1.278,59.0,0.002,0.736,0.062,0.200
476,CC,Ranged,TouchTimeout_Partial,30.0,1.000,0,0,0,0,0,-0.197,207.7,0.010,0.617,0.077,0.297
477,CC,Melee,BossWin,13.8,1.000,0,0,0,0,0,1.144,89.7,0.007,0.470,0.087,0.435
478,CC,Hybrid,BossWin,15.6,1.000,0,0,0,0,0,1.069,103.8,0.020,0.558,0.090,0.332
479,CC,Hybrid,BossWin,24.8,1.000,0,0,0,0,0,0.951,171.4,0.007,0.610,0.081,0.302
480,Ranged,Melee,BossWin,9.6,1.000,0,0,0,0,0,1.300,67.2,0.015,0.630,0.063,0.292
481,Ranged,CC,BossWin,5.8,1.000,0,0,0,0,0,1.271,42.8,0.010,0.817,0.086,0.086
482,Ranged,Melee,BossWin,8.1,1.000,0,0,0,0,0,1.314,57.0,0.007,0.658,0.074,0.260
483,Melee,Ranged,BossWin,13.7,1.000,0,0,0,0,0,1.132,95.8,0.013,0.601,0.058,0.328
484,Hybrid,CC,TouchTimeout_Partial,30.0,1.000,0,0,0,0,0,-0.189,205.7,0.015,0.609,0.080,0.297
485,CC,CC,BossWin,7.9,1.000,0,0,0,0,0,1.274,57.5,0.005,0.716,0.063,0.215
486,CC,Melee,BossWin,14.1,1.000,0,0,0,0,0,0.975,96.3,0.010,0.664,0.113,0.213
487,Melee,Ranged,BossWin,17.2,1.000,0,0,0,0,0,1.026,116.8,0.002,0.597,0.099,0.302
488,Melee,CC,BossWin,4.1,1.000,0,0,0,0,0,1.803,29.9,0.010,0.770,0.074,0.147
489,CC,Ranged,BossWin,7.0,1.000,0,0,0,0,0,1.381,51.6,0.009,0.735,0.057,0.199
490,Melee,Melee,BossWin,6.1,1.000,0,0,0,0,0,1.916,40.0,0.007,0.368,0.033,0.592
491,Melee,Hybrid,BossWin,4.7,1.000,0,0,0,0,0,1.849,33.3,0.013,0.691,0.085,0.212
492,Ranged,Melee,BossWin,5.9,1.000,0,0,0,0,0,1.197,40.4,0.024,0.657,0.101,0.219
493,CC,Melee,BossWin,6.1,1.000,0,0,0,0,0,1.362,43.1,0.000,0.623,0.066,0.311
494,Hybrid,Ranged,BossWin,9.8,1.000,0,0,0,0,0,1.295,69.0,0.010,0.641,0.061,0.287
495,Melee,CC,BossWin,10.0,1.000,0,0,0,0,0,1.269,67.0,0.014,0.517,0.070,0.399
496,CC,Hybrid,BossWin,10.2,1.000,0,0,0,0,0,1.269,66.6,0.002,0.469,0.088,0.441
497,Hybrid,Hybrid,BossWin,7.7,1.000,0,0,0,0,0,1.188,51.8,0.028,0.571,0.078,0.323
498,Ranged,Ranged,BossWin,10.2,1.000,0,0,0,0,0,1.216,73.8,0.008,0.726,0.069,0.197
499,Ranged,Hybrid,BossWin,19.6,1.000,0,0,0,0,0,0.925,136.8,0.001,0.672,0.097,0.230
500,Melee,Hybrid,BossWin,5.2,1.000,0,0,0,0,0,1.281,33.6,0.011,0.605,0.153,0.230
501,Melee,Ranged,BossWin,7.6,1.000,0,0,0,0,0,1.667,52.0,0.018,0.646,0.092,0.243
502,CC,Melee,BossWin,6.0,1.000,0,0,0,0,0,1.250,38.3,0.010,0.533,0.133,0.323
503,Hybrid,CC,TouchTimeout_Partial,30.0,1.000,0,0,0,0,0,-0.156,206.2,0.005,0.625,0.093,0.277
504,Ranged,Ranged,BossWin,10.6,1.000,0,0,0,0,0,1.247,78.6,0.006,0.750,0.056,0.188
505,Ranged,CC,BossWin,10.0,1.000,0,0,0,0,0,1.289,67.0,0.004,0.517,0.080,0.399
506,Hybrid,Ranged,BossWin,14.5,1.000,0,0,0,0,0,1.103,99.5,0.008,0.565,0.069,0.358
507,Melee,Ranged,BossWin,5.8,1.000,0,0,0,0,0,1.373,41.4,0.000,0.671,0.069,0.260
508,Melee,Ranged,BossWin,12.9,1.000,0,0,0,0,0,1.169,86.6,0.017,0.565,0.085,0.333
509,Ranged,CC,BossWin,17.3,1.000,0,0,0,0,0,1.166,120.0,0.006,0.600,0.070,0.324
510,CC,Melee,BossWin,7.2,1.000,0,0,0,0,0,1.712,44.9,0.006,0.481,0.139,0.375
511,CC,Melee,BossWin,6.0,1.000,0,0,0,0,0,1.233,41.3,0.007,0.659,0.100,0.234
512,CC,Hybrid,BossWin,11.0,1.000,0,0,0,0,0,1.278,78.7,0.015,0.694,0.064,0.228
513,Melee,Melee,BossWin,8.0,1.000,0,0,0,0,0,1.228,50.9,0.022,0.441,0.087,0.449
514,Hybrid,Melee,BossWin,4.4,1.000,0,0,0,0,0,1.673,26.3,0.014,0.507,0.183,0.297
515,Melee,CC,BossWin,5.5,1.000,0,0,0,0,0,1.376,39.2,0.014,0.679,0.072,0.235
516,CC,Melee,BossWin,6.3,1.000,0,0,0,0,0,1.769,38.7,0.022,0.435,0.112,0.431
517,CC,CC,BossWin,5.6,1.000,0,0,0,0,0,1.264,40.2,0.014,0.754,0.089,0.143
518,CC,Ranged,TouchTimeout_Partial,30.0,1.000,0,0,0,0,0,-0.078,203.9,0.003,0.541,0.073,0.383
519,Melee,CC,BossWin,4.6,1.000,0,0,0,0,0,1.792,30.7,0.039,0.677,0.109,0.175
520,Melee,Hybrid,BossWin,10.4,1.000,0,0,0,0,0,1.199,68.5,0.019,0.509,0.077,0.395
521,CC,Ranged,TouchTimeout_Partial,30.0,1.000,0,0,0,0,0,-0.534,198.2,0.001,0.593,0.130,0.277
522,Melee,Ranged,BossWin,11.2,1.000,0,0,0,0,0,1.166,73.0,0.011,0.533,0.107,0.349
523,Ranged,Hybrid,BossWin,6.4,1.000,0,0,0,0,0,1.377,46.9,0.006,0.714,0.062,0.217
524,CC,Ranged,BossWin,9.1,1.000,0,0,0,0,0,1.239,65.3,0.000,0.660,0.066,0.274
525,CC,Ranged,BossWin,17.0,1.000,0,0,0,0,0,1.197,126.5,0.005,0.730,0.041,0.224
526,CC,Hybrid,BossWin,13.9,1.000,0,0,0,0,0,1.216,97.0,0.000,0.625,0.079,0.295
527,Ranged,CC,BossWin,10.7,1.000,0,0,0,0,0,1.210,70.8,0.002,0.548,0.103,0.347
528,Hybrid,Hybrid,BossWin,5.4,1.000,0,0,0,0,0,1.736,32.6,0.048,0.487,0.130,0.335
529,CC,Melee,BossWin,24.5,1.000,0,0,0,0,0,0.939,171.9,0.003,0.663,0.090,0.244
530,Hybrid,CC,BossWin,10.0,1.000,0,0,0,0,0,1.161,68.0,0.024,0.594,0.070,0.311
531,Melee,CC,BossWin,7.0,1.000,0,0,0,0,0,1.242,49.2,0.011,0.675,0.085,0.228
532,CC,Hybrid,BossWin,8.5,1.000,0,0,0,0,0,1.265,55.1,0.019,0.475,0.082,0.424
533,Melee,Melee,BossWin,5.3,1.000,0,0,0,0,0,1.719,34.9,0.011,0.528,0.094,0.366
534,Melee,Melee,BossWin,9.0,1.000,0,0,0,0,0,1.158,58.2,0.018,0.592,0.134,0.256
535,Ranged,CC,BossWin,22.5,1.000,0,0,0,0,0,1.022,154.6,0.004,0.584,0.080,0.333
536,CC,Ranged,BossWin,8.4,1.000,0,0,0,0,0,1.293,58.6,0.005,0.628,0.083,0.284
537,CC,Hybrid,BossWin,5.2,1.000,0,0,0,0,0,1.276,37.5,0.000,0.750,0.096,0.154
538,Ranged,Hybrid,BossWin,10.1,1.000,0,0,0,0,0,1.114,69.5,0.000,0.662,0.109,0.229
539,CC,Hybrid,BossWin,7.1,1.000,0,0,0,0,0,1.724,51.0,0.006,0.768,0.099,0.127
540,Hybrid,Melee,BossWin,3.9,1.000,0,0,0,0,0,1.698,24.4,0.041,0.600,0.154,0.205
541,Melee,Ranged,BossWin,14.4,1.000,0,0,0,0,0,1.000,96.4,0.018,0.585,0.091,0.306
542,Hybrid,CC,BossWin,18.3,1.000,0,0,0,0,0,1.068,128.6,0.000,0.672,0.093,0.235
543,Ranged,Hybrid,BossWin,27.4,1.000,0,0,0,0,0,0.880,189.8,0.000,0.616,0.084,0.300
544,Ranged,Ranged,TouchTimeout_Partial,30.0,1.000,0,0,0,0,0,-0.549,209.2,0.005,0.683,0.102,0.210
545,Melee,Melee,BossWin,5.8,1.000,0,0,0,0,0,1.332,38.9,0.007,0.554,0.087,0.353
546,Ranged,Ranged,TouchTimeout_Partial,30.0,1.000,0,0,0,0,0,-0.212,205.4,0.009,0.621,0.093,0.277
547,Ranged,CC,BossWin,17.5,1.000,0,0,0,0,0,0.896,122.4,0.009,0.717,0.109,0.166
548,Ranged,Melee,BossWin,9.3,1.000,0,0,0,0,0,1.265,61.2,0.028,0.489,0.064,0.418
549,Melee,Melee,BossWin,4.4,1.000,0,0,0,0,0,1.822,28.3,0.009,0.493,0.113,0.385
550,Hybrid,Ranged,BossWin,8.3,1.000,0,0,0,0,0,1.340,59.6,0.002,0.685,0.072,0.240
551,Hybrid,Hybrid,BossWin,19.7,1.000,0,0,0,0,0,1.086,141.6,0.000,0.656,0.061,0.284
552,Hybrid,CC,BossWin,7.0,1.000,0,0,0,0,0,1.261,45.7,0.023,0.536,0.100,0.342
553,CC,CC,BossWin,6.6,1.000,0,0,0,0,0,1.279,49.2,0.006,0.782,0.061,0.152
554,Melee,Melee,BossWin,9.8,1.000,0,0,0,0,0,1.175,72.5,0.004,0.791,0.072,0.133
555,Melee,Melee,BossWin,5.2,1.000,0,0,0,0,0,1.378,35.8,0.016,0.636,0.078,0.271
556,Melee,CC,BossWin,5.2,1.000,0,0,0,0,0,1.818,32.2,0.004,0.456,0.135,0.405
557,Melee,Hybrid,BossWin,4.0,1.000,0,0,0,0,0,1.818,24.9,0.010,0.515,0.150,0.325
558,Ranged,Melee,BossWin,8.9,1.000,0,0,0,0,0,1.008,56.1,0.016,0.559,0.157,0.268
559,Melee,CC,BossWin,4.8,1.000,0,0,0,0,0,1.714,31.3,0.021,0.622,0.126,0.231
560,Ranged,Hybrid,BossWin,9.8,1.000,0,0,0,0,0,1.288,67.6,0.014,0.599,0.071,0.316
561,CC,Hybrid,BossWin,8.1,1.000,0,0,0,0,0,1.316,57.4,0.027,0.700,0.062,0.211
562,Melee,Melee,BossWin,6.2,1.000,0,0,0,0,0,1.247,43.6,0.010,0.649,0.065,0.276
563,Melee,Melee,BossWin,4.6,1.000,0,0,0,0,0,1.823,29.7,0.000,0.478,0.109,0.413
564,Hybrid,Hybrid,BossWin,8.4,1.000,0,0,0,0,0,1.340,60.3,0.000,0.690,0.072,0.239
565,Ranged,Hybrid,BossWin,5.6,1.000,0,0,0,0,0,1.784,41.3,0.004,0.781,0.072,0.143
566,Hybrid,CC,BossWin,7.6,1.000,0,0,0,0,0,1.208,53.2,0.005,0.678,0.092,0.224
567,Melee,CC,BossWin,9.6,1.000,0,0,0,0,0,1.251,71.7,0.006,0.765,0.052,0.177
568,Ranged,Hybrid,BossWin,14.8,1.000,0,0,0,0,0,1.207,107.6,0.004,0.726,0.074,0.195
569,CC,Melee,BossWin,8.4,1.000,0,0,0,0,0,1.281,61.0,0.002,0.678,0.059,0.261
570,Ranged,Hybrid,BossWin,21.2,1.000,0,0,0,0,0,0.845,148.8,0.018,0.698,0.085,0.198
571,CC,CC,BossWin,5.5,1.000,0,0,0,0,0,1.393,38.8,0.004,0.667,0.073,0.256
572,Melee,Ranged,BossWin,14.5,1.000,0,0,0,0,0,0.955,96.4,0.011,0.589,0.110,0.290
573,Ranged,Melee,TouchTimeout_Partial,30.0,1.000,0,0,0,0,0,-0.298,207.4,0.005,0.695,0.117,0.183
574,Melee,Hybrid,BossWin,5.2,1.000,0,0,0,0,0,1.273,38.9,0.011,0.817,0.076,0.095
575,CC,Hybrid,BossWin,6.3,1.000,0,0,0,0,0,1.283,46.2,0.003,0.759,0.079,0.158
576,Melee,Hybrid,BossWin,13.6,1.000,0,0,0,0,0,1.018,90.0,0.000,0.551,0.110,0.338
577,CC,Melee,BossWin,9.3,1.000,0,0,0,0,0,1.240,68.3,0.000,0.719,0.054,0.227
578,CC,Hybrid,BossWin,7.5,1.000,0,0,0,0,0,1.287,52.6,0.019,0.702,0.093,0.186
579,Hybrid,Ranged,BossWin,14.0,1.000,0,0,0,0,0,1.131,100.7,0.001,0.699,0.078,0.221
580,Ranged,Hybrid,TouchTimeout_Partial,30.0,1.000,0,0,0,0,0,-0.526,207.9,0.003,0.687,0.113,0.197
581,Hybrid,CC,BossWin,4.8,1.000,0,0,0,0,0,1.724,33.2,0.017,0.715,0.124,0.145
582,Hybrid,CC,BossWin,7.7,1.000,0,0,0,0,0,1.276,55.6,0.005,0.696,0.065,0.234
583,CC,Melee,BossWin,4.7,1.000,0,0,0,0,0,1.794,30.2,0.051,0.587,0.106,0.255
584,Melee,Melee,BossWin,5.0,1.000,0,0,0,0,0,1.683,32.3,0.028,0.556,0.119,0.298
585,CC,Hybrid,BossWin,15.5,1.000,0,0,0,0,0,1.259,108.1,0.000,0.555,0.052,0.394
586,Melee,Melee,BossWin,7.7,1.000,0,0,0,0,0,1.210,55.0,0.000,0.700,0.078,0.222
587,Hybrid,Melee,BossWin,7.6,1.000,0,0,0,0,0,1.313,52.7,0.018,0.652,0.079,0.251
588,CC,CC,BossWin,16.0,1.000,0,0,0,0,0,1.118,115.1,0.004,0.690,0.069,0.238
589,CC,Melee,BossWin,3.5,1.000,0,0,0,0,0,1.816,20.4,0.017,0.390,0.169,0.424
590,Melee,Ranged,TouchTimeout_Partial,30.0,1.000,0,0,0,0,0,-0.418,193.5,0.004,0.500,0.113,0.383

# === Session 2026-05-20 13:00:28 ===
episode_id,p1_archetype,p2_archetype,outcome,duration_sec,boss_hp_remaining,total_damage_to_boss,total_damage_to_players,p1_skills_unlocked,p2_skills_unlocked,phase_reached,cumulative_reward,boss_travel_dist,idle_ratio,fwd_ratio,rot_ratio,back_ratio
1,CC,Melee,EngageTimeout,90.0,1.000,0,0,0,0,0,4.247,635.8,0.002,0.673,0.086,0.239
2,Melee,Hybrid,EngageTimeout,90.0,1.000,0,0,0,0,0,5.622,596.5,0.006,0.570,0.111,0.313
3,Hybrid,Hybrid,EngageTimeout,90.0,1.000,0,0,0,0,0,6.691,625.8,0.006,0.631,0.082,0.281
4,Hybrid,Hybrid,EngageTimeout,90.0,1.000,0,0,0,0,0,4.545,617.2,0.005,0.613,0.092,0.290
5,Melee,Ranged,BossWin,82.8,1.000,0,0,0,0,0,6.308,573.4,0.002,0.635,0.092,0.271
6,CC,CC,EngageTimeout,90.0,1.000,0,0,0,0,0,5.005,613.7,0.006,0.619,0.100,0.275
7,CC,Ranged,EngageTimeout,90.0,1.000,0,0,0,0,0,4.372,619.6,0.002,0.631,0.098,0.269
8,Hybrid,Ranged,EngageTimeout,90.0,1.000,0,0,0,0,0,4.814,601.5,0.001,0.582,0.112,0.305
9,CC,Melee,BossWin,70.6,1.000,0,0,0,0,0,5.625,483.5,0.004,0.618,0.096,0.282
10,CC,CC,EngageTimeout,90.0,1.000,0,0,0,0,0,6.008,620.7,0.005,0.615,0.086,0.294
11,Melee,Ranged,EngageTimeout,90.0,1.000,0,0,0,0,0,6.237,604.4,0.010,0.592,0.102,0.297
12,Ranged,CC,EngageTimeout,90.0,1.000,0,0,0,0,0,3.976,623.5,0.007,0.632,0.086,0.276
13,Hybrid,Melee,BossWin,84.5,1.000,0,0,0,0,0,7.574,568.8,0.005,0.585,0.101,0.310
14,Melee,Ranged,EngageTimeout,90.0,1.000,0,0,0,0,0,6.156,603.6,0.006,0.567,0.097,0.330
15,CC,Hybrid,EngageTimeout,90.0,1.000,0,0,0,0,0,4.213,603.6,0.003,0.577,0.104,0.317
16,Hybrid,Melee,BossWin,81.8,1.000,0,0,0,0,0,7.168,554.9,0.008,0.601,0.095,0.296
17,Hybrid,Ranged,EngageTimeout,90.0,1.000,0,0,0,0,0,4.708,609.9,0.004,0.580,0.092,0.323
18,CC,CC,EngageTimeout,90.0,1.000,0,0,0,0,0,5.264,619.9,0.004,0.629,0.094,0.272
19,Hybrid,Ranged,EngageTimeout,90.0,1.000,0,0,0,0,0,3.101,608.7,0.003,0.583,0.097,0.318
20,Ranged,Melee,EngageTimeout,90.0,1.000,0,0,0,0,0,5.240,614.1,0.011,0.629,0.099,0.261
21,Melee,CC,EngageTimeout,90.0,1.000,0,0,0,0,0,5.086,595.6,0.006,0.530,0.096,0.369
22,Ranged,Ranged,EngageTimeout,90.0,1.000,0,0,0,0,0,3.908,621.1,0.006,0.633,0.092,0.269
23,CC,CC,EngageTimeout,90.0,1.000,0,0,0,0,0,4.785,595.9,0.004,0.535,0.100,0.361
24,CC,Ranged,EngageTimeout,90.0,1.000,0,0,0,0,0,3.425,593.2,0.004,0.531,0.103,0.362
25,Ranged,Ranged,EngageTimeout,90.0,1.000,0,0,0,0,0,2.190,609.1,0.007,0.601,0.100,0.292
26,Hybrid,Ranged,EngageTimeout,90.0,1.000,0,0,0,0,0,4.833,584.8,0.006,0.559,0.129,0.307
27,Ranged,Melee,EngageTimeout,90.0,1.000,0,0,0,0,0,5.948,620.4,0.004,0.620,0.089,0.287
28,Melee,Melee,BossWin,84.8,1.000,0,0,0,0,0,7.900,572.7,0.004,0.573,0.093,0.330
29,Ranged,Ranged,EngageTimeout,90.0,1.000,0,0,0,0,0,3.012,612.1,0.004,0.602,0.098,0.297
30,CC,Ranged,EngageTimeout,90.0,1.000,0,0,0,0,0,4.633,587.6,0.002,0.553,0.124,0.320
31,Hybrid,Melee,EngageTimeout,90.0,1.000,0,0,0,0,0,6.529,603.9,0.007,0.575,0.099,0.319
32,CC,Melee,EngageTimeout,90.0,1.000,0,0,0,0,0,6.705,625.7,0.003,0.659,0.097,0.241
33,CC,CC,EngageTimeout,90.0,1.000,0,0,0,0,0,5.023,610.6,0.001,0.577,0.092,0.330
34,Ranged,CC,EngageTimeout,90.0,1.000,0,0,0,0,0,4.483,611.0,0.008,0.628,0.107,0.258
35,Hybrid,CC,EngageTimeout,90.0,1.000,0,0,0,0,0,4.523,600.7,0.002,0.567,0.106,0.326
36,Melee,CC,EngageTimeout,90.0,1.000,0,0,0,0,0,6.505,598.7,0.003,0.527,0.091,0.379
37,Ranged,Hybrid,EngageTimeout,90.0,1.000,0,0,0,0,0,4.004,610.1,0.003,0.606,0.103,0.288
38,Hybrid,Hybrid,EngageTimeout,90.0,1.000,0,0,0,0,0,4.779,598.4,0.011,0.580,0.107,0.302
39,CC,Melee,BossWin,83.5,1.000,0,0,0,0,0,6.554,582.3,0.003,0.653,0.090,0.254
40,Ranged,Hybrid,EngageTimeout,90.0,1.000,0,0,0,0,0,3.250,605.3,0.001,0.595,0.110,0.293
41,CC,Hybrid,EngageTimeout,90.0,1.000,0,0,0,0,0,3.398,627.3,0.006,0.666,0.094,0.233
42,CC,CC,EngageTimeout,90.0,1.000,0,0,0,0,0,5.546,628.2,0.002,0.668,0.097,0.233
43,Melee,Melee,BossWin,73.9,1.000,0,0,0,0,0,6.821,492.7,0.000,0.584,0.116,0.299
44,Melee,Hybrid,EngageTimeout,90.0,1.000,0,0,0,0,0,6.796,600.3,0.007,0.550,0.094,0.349
45,Melee,Ranged,EngageTimeout,90.0,1.000,0,0,0,0,0,4.672,605.2,0.005,0.561,0.092,0.342
46,CC,Hybrid,EngageTimeout,90.0,1.000,0,0,0,0,0,5.187,647.8,0.004,0.702,0.073,0.221
47,Hybrid,Hybrid,BossWin,86.2,1.000,0,0,0,0,0,6.316,594.1,0.001,0.632,0.097,0.269
48,Melee,Melee,BossWin,69.0,1.000,0,0,0,0,0,7.170,470.8,0.009,0.634,0.102,0.256
49,Melee,Ranged,EngageTimeout,90.0,1.000,0,0,0,0,0,5.721,614.6,0.003,0.637,0.109,0.251
50,Melee,Ranged,EngageTimeout,90.0,1.000,0,0,0,0,0,5.649,597.7,0.003,0.563,0.109,0.326
51,Melee,Melee,BossWin,77.6,1.000,0,0,0,0,0,7.477,507.4,0.003,0.549,0.120,0.327
52,Hybrid,CC,EngageTimeout,90.0,1.000,0,0,0,0,0,5.212,604.4,0.001,0.590,0.110,0.299
53,Melee,Hybrid,EngageTimeout,90.0,1.000,0,0,0,0,0,6.853,608.2,0.006,0.622,0.111,0.260
54,CC,Melee,BossWin,70.5,1.000,0,0,0,0,0,5.787,501.5,0.005,0.718,0.092,0.184
55,CC,Melee,BossWin,82.4,1.000,0,0,0,0,0,5.342,583.9,0.003,0.680,0.083,0.234
56,Hybrid,CC,EngageTimeout,90.0,1.000,0,0,0,0,0,5.083,610.5,0.002,0.602,0.102,0.293
57,Ranged,Hybrid,EngageTimeout,90.0,1.000,0,0,0,0,0,3.913,630.4,0.009,0.698,0.099,0.194
58,CC,Melee,EngageTimeout,90.0,1.000,0,0,0,0,0,7.255,632.5,0.000,0.691,0.101,0.208
59,Ranged,Hybrid,EngageTimeout,90.0,1.000,0,0,0,0,0,4.068,629.2,0.002,0.653,0.089,0.256
60,Hybrid,Ranged,EngageTimeout,90.0,1.000,0,0,0,0,0,5.474,617.8,0.002,0.637,0.103,0.258
61,Ranged,CC,EngageTimeout,90.0,1.000,0,0,0,0,0,3.491,628.4,0.004,0.689,0.103,0.203
62,Ranged,CC,EngageTimeout,90.0,1.000,0,0,0,0,0,3.425,630.8,0.004,0.689,0.099,0.208
63,Melee,Ranged,EngageTimeout,90.0,1.000,0,0,0,0,0,5.290,595.1,0.000,0.622,0.142,0.236
64,Hybrid,Hybrid,EngageTimeout,90.0,1.000,0,0,0,0,0,5.524,634.8,0.004,0.722,0.106,0.168
65,Ranged,Ranged,EngageTimeout,90.0,1.000,0,0,0,0,0,3.372,628.6,0.003,0.681,0.101,0.214
66,Melee,Hybrid,EngageTimeout,90.0,1.000,0,0,0,0,0,7.070,593.0,0.005,0.597,0.130,0.268
67,CC,Hybrid,EngageTimeout,90.0,1.000,0,0,0,0,0,4.223,616.6,0.005,0.649,0.108,0.238
68,Hybrid,CC,EngageTimeout,90.0,1.000,0,0,0,0,0,6.540,610.4,0.002,0.642,0.120,0.236
69,CC,CC,EngageTimeout,90.0,1.000,0,0,0,0,0,4.336,630.0,0.004,0.709,0.109,0.178
70,Ranged,Ranged,EngageTimeout,90.0,1.000,0,0,0,0,0,4.492,638.7,0.001,0.716,0.099,0.185
71,Hybrid,Hybrid,EngageTimeout,90.0,1.000,0,0,0,0,0,4.341,618.1,0.001,0.671,0.119,0.209
72,Hybrid,CC,EngageTimeout,90.0,1.000,0,0,0,0,0,5.891,613.3,0.004,0.634,0.109,0.252
73,Ranged,Hybrid,EngageTimeout,90.0,1.000,0,0,0,0,0,4.599,629.8,0.003,0.705,0.109,0.183
74,Ranged,Melee,EngageTimeout,90.0,1.000,0,0,0,0,0,5.634,626.7,0.002,0.694,0.111,0.193
75,Ranged,Hybrid,EngageTimeout,90.0,1.000,0,0,0,0,0,3.399,636.9,0.003,0.718,0.101,0.178
76,CC,Hybrid,EngageTimeout,90.0,1.000,0,0,0,0,0,5.326,644.3,0.003,0.740,0.097,0.160
77,Melee,CC,BossWin,72.6,1.000,0,0,0,0,0,6.652,482.5,0.004,0.630,0.135,0.232
78,Hybrid,Melee,EngageTimeout,90.0,1.000,0,0,0,0,0,6.365,597.1,0.006,0.615,0.130,0.249
79,CC,Melee,EngageTimeout,90.0,1.000,0,0,0,0,0,5.830,637.6,0.001,0.719,0.102,0.178
80,Ranged,Melee,EngageTimeout,90.0,1.000,0,0,0,0,0,6.268,611.5,0.002,0.648,0.120,0.230
81,Melee,Ranged,EngageTimeout,90.0,1.000,0,0,0,0,0,5.243,606.2,0.001,0.640,0.128,0.231
82,Melee,Ranged,EngageTimeout,90.0,1.000,0,0,0,0,0,6.076,598.5,0.002,0.609,0.128,0.261
83,Hybrid,Ranged,EngageTimeout,90.0,1.000,0,0,0,0,0,5.626,621.1,0.004,0.688,0.117,0.191
84,Ranged,Melee,EngageTimeout,90.0,1.000,0,0,0,0,0,4.963,629.0,0.001,0.697,0.109,0.193
85,CC,CC,EngageTimeout,90.0,1.000,0,0,0,0,0,5.335,624.1,0.002,0.686,0.112,0.200
86,Melee,Ranged,EngageTimeout,90.0,1.000,0,0,0,0,0,5.520,593.1,0.003,0.611,0.138,0.248
87,CC,Hybrid,EngageTimeout,90.0,1.000,0,0,0,0,0,4.916,621.6,0.001,0.667,0.110,0.222
88,Ranged,Ranged,EngageTimeout,90.0,1.000,0,0,0,0,0,4.553,609.4,0.004,0.647,0.121,0.228
89,CC,Ranged,EngageTimeout,90.0,1.000,0,0,0,0,0,5.272,611.8,0.000,0.623,0.111,0.266
90,Hybrid,Ranged,EngageTimeout,90.0,1.000,0,0,0,0,0,6.360,618.1,0.003,0.690,0.124,0.182
91,CC,Hybrid,EngageTimeout,90.0,1.000,0,0,0,0,0,4.773,605.6,0.004,0.671,0.139,0.186
92,Ranged,Melee,EngageTimeout,90.0,1.000,0,0,0,0,0,7.702,623.0,0.008,0.709,0.119,0.164
93,Ranged,CC,EngageTimeout,90.0,1.000,0,0,0,0,0,4.635,620.3,0.003,0.679,0.116,0.202
94,Melee,Melee,BossWin,66.5,1.000,0,0,0,0,0,7.195,456.4,0.008,0.673,0.113,0.207
95,Hybrid,Ranged,EngageTimeout,90.0,1.000,0,0,0,0,0,5.239,622.3,0.003,0.686,0.116,0.196
96,CC,Melee,EngageTimeout,90.0,1.000,0,0,0,0,0,6.554,641.5,0.004,0.745,0.103,0.148
97,CC,Melee,EngageTimeout,90.0,1.000,0,0,0,0,0,5.095,647.3,0.007,0.747,0.090,0.156
98,Melee,Hybrid,BossWin,79.5,1.000,0,0,0,0,0,7.598,523.1,0.003,0.635,0.150,0.213
99,Melee,Melee,BossWin,52.4,1.000,0,0,0,0,0,5.702,348.7,0.005,0.628,0.132,0.235
100,Ranged,CC,EngageTimeout,90.0,1.000,0,0,0,0,0,4.280,624.6,0.003,0.696,0.114,0.187
101,Ranged,Hybrid,EngageTimeout,90.0,1.000,0,0,0,0,0,4.892,615.8,0.006,0.641,0.106,0.248
102,CC,Melee,BossWin,86.8,1.000,0,0,0,0,0,6.686,593.7,0.009,0.650,0.106,0.235
103,Hybrid,Melee,BossWin,85.8,1.000,0,0,0,0,0,8.332,611.8,0.001,0.731,0.099,0.169
104,CC,Melee,EngageTimeout,90.0,1.000,0,0,0,0,0,6.312,646.1,0.002,0.746,0.097,0.154
105,Melee,Hybrid,EngageTimeout,90.0,1.000,0,0,0,0,0,7.872,612.0,0.004,0.665,0.126,0.206
106,Ranged,CC,EngageTimeout,90.0,1.000,0,0,0,0,0,4.438,618.2,0.007,0.664,0.110,0.219
107,Hybrid,Ranged,EngageTimeout,90.0,1.000,0,0,0,0,0,4.881,614.5,0.006,0.661,0.117,0.217
108,Ranged,Melee,EngageTimeout,90.0,1.000,0,0,0,0,0,5.229,623.4,0.007,0.698,0.114,0.181
109,Ranged,Hybrid,EngageTimeout,90.0,1.000,0,0,0,0,0,4.465,638.8,0.006,0.748,0.108,0.139
110,CC,CC,EngageTimeout,90.0,1.000,0,0,0,0,0,4.462,640.1,0.004,0.730,0.099,0.167
111,Ranged,Ranged,EngageTimeout,90.0,1.000,0,0,0,0,0,3.421,629.5,0.003,0.722,0.117,0.158
112,CC,CC,EngageTimeout,90.0,1.000,0,0,0,0,0,5.903,619.4,0.004,0.688,0.120,0.188
113,Melee,CC,EngageTimeout,90.0,1.000,0,0,0,0,0,5.856,619.4,0.006,0.701,0.124,0.169
114,Melee,Ranged,EngageTimeout,90.0,1.000,0,0,0,0,0,6.087,628.3,0.002,0.714,0.117,0.167
115,Melee,Hybrid,BossWin,61.0,1.000,0,0,0,0,0,6.557,404.5,0.005,0.625,0.136,0.234
116,Melee,Ranged,EngageTimeout,90.0,1.000,0,0,0,0,0,6.644,617.3,0.004,0.673,0.118,0.206
117,Ranged,Ranged,EngageTimeout,90.0,1.000,0,0,0,0,0,4.657,647.9,0.002,0.774,0.106,0.119
118,CC,Hybrid,EngageTimeout,90.0,1.000,0,0,0,0,0,3.406,642.0,0.006,0.737,0.097,0.160
119,CC,Hybrid,EngageTimeout,90.0,1.000,0,0,0,0,0,5.043,618.7,0.003,0.688,0.123,0.186
120,Hybrid,Ranged,EngageTimeout,90.0,1.000,0,0,0,0,0,5.079,622.1,0.007,0.688,0.112,0.193
121,Ranged,Hybrid,EngageTimeout,90.0,1.000,0,0,0,0,0,5.602,638.9,0.006,0.744,0.106,0.144
122,Melee,CC,BossWin,77.2,1.000,0,0,0,0,0,6.633,527.3,0.006,0.720,0.141,0.133
123,Hybrid,Melee,EngageTimeout,90.0,1.000,0,0,0,0,0,8.066,621.6,0.007,0.714,0.124,0.154
124,Hybrid,Ranged,EngageTimeout,90.0,1.000,0,0,0,0,0,4.740,628.0,0.004,0.717,0.117,0.163
125,Hybrid,Ranged,EngageTimeout,90.0,1.000,0,0,0,0,0,6.139,627.2,0.003,0.736,0.128,0.133
126,CC,Ranged,EngageTimeout,90.0,1.000,0,0,0,0,0,4.987,645.1,0.003,0.761,0.104,0.132
127,Melee,Ranged,EngageTimeout,90.0,1.000,0,0,0,0,0,5.771,619.0,0.004,0.697,0.125,0.174
128,Melee,Hybrid,EngageTimeout,90.0,1.000,0,0,0,0,0,7.697,615.3,0.007,0.699,0.130,0.164
129,Ranged,CC,EngageTimeout,90.0,1.000,0,0,0,0,0,4.025,631.4,0.005,0.708,0.106,0.182
130,CC,Melee,EngageTimeout,90.0,1.000,0,0,0,0,0,6.761,654.6,0.002,0.783,0.096,0.118
131,Melee,Ranged,EngageTimeout,90.0,1.000,0,0,0,0,0,6.125,634.6,0.001,0.732,0.113,0.153
132,CC,Melee,BossWin,83.5,1.000,0,0,0,0,0,6.631,580.6,0.004,0.710,0.119,0.168
133,CC,CC,EngageTimeout,90.0,1.000,0,0,0,0,0,4.305,632.6,0.009,0.738,0.112,0.141
134,Melee,Melee,BossWin,62.7,1.000,0,0,0,0,0,7.094,407.0,0.014,0.638,0.155,0.193
135,Ranged,Ranged,EngageTimeout,90.0,1.000,0,0,0,0,0,4.422,627.8,0.010,0.733,0.118,0.139
136,Ranged,CC,EngageTimeout,90.0,1.000,0,0,0,0,0,3.351,639.2,0.004,0.765,0.117,0.114
137,Ranged,Ranged,EngageTimeout,90.0,1.000,0,0,0,0,0,3.542,648.3,0.005,0.776,0.103,0.116
138,CC,Melee,EngageTimeout,90.0,1.000,0,0,0,0,0,6.452,620.6,0.006,0.701,0.122,0.171
139,Ranged,CC,EngageTimeout,90.0,1.000,0,0,0,0,0,6.312,632.4,0.006,0.740,0.117,0.138
140,Ranged,Hybrid,EngageTimeout,90.0,1.000,0,0,0,0,0,4.551,626.7,0.004,0.728,0.123,0.144
141,Hybrid,Hybrid,BossWin,76.1,1.000,0,0,0,0,0,6.582,537.3,0.001,0.736,0.113,0.150
142,CC,Ranged,EngageTimeout,90.0,1.000,0,0,0,0,0,5.661,596.9,0.006,0.654,0.147,0.193
143,CC,CC,EngageTimeout,90.0,1.000,0,0,0,0,0,3.639,629.7,0.005,0.710,0.110,0.176
144,CC,Hybrid,EngageTimeout,90.0,1.000,0,0,0,0,0,6.108,612.9,0.004,0.680,0.130,0.187
145,CC,Hybrid,EngageTimeout,90.0,1.000,0,0,0,0,0,6.435,630.4,0.006,0.737,0.119,0.139
146,CC,Hybrid,EngageTimeout,90.0,1.000,0,0,0,0,0,6.000,639.7,0.009,0.749,0.103,0.139
147,CC,Hybrid,EngageTimeout,90.0,1.000,0,0,0,0,0,5.600,627.8,0.002,0.725,0.122,0.150
148,CC,Hybrid,EngageTimeout,90.0,1.000,0,0,0,0,0,6.524,639.3,0.010,0.760,0.108,0.122
149,CC,Melee,EngageTimeout,90.0,1.000,0,0,0,0,0,6.383,646.8,0.005,0.754,0.097,0.144
150,Melee,Hybrid,BossWin,76.2,1.000,0,0,0,0,0,7.670,532.6,0.004,0.738,0.123,0.135
151,Ranged,CC,EngageTimeout,90.0,1.000,0,0,0,0,0,4.340,640.3,0.002,0.747,0.109,0.142
152,Hybrid,Melee,BossWin,85.7,1.000,0,0,0,0,0,6.795,586.6,0.003,0.696,0.131,0.171
153,Melee,CC,EngageTimeout,90.0,1.000,0,0,0,0,0,8.070,602.2,0.006,0.664,0.140,0.190
154,Melee,Ranged,EngageTimeout,90.0,1.000,0,0,0,0,0,7.931,574.6,0.015,0.621,0.166,0.198
155,CC,CC,EngageTimeout,90.0,1.000,0,0,0,0,0,5.575,640.4,0.001,0.748,0.110,0.141
156,Melee,Ranged,EngageTimeout,90.0,1.000,0,0,0,0,0,5.479,633.0,0.015,0.730,0.102,0.153
157,Hybrid,Melee,BossWin,81.2,1.000,0,0,0,0,0,8.614,561.5,0.009,0.710,0.118,0.163
158,Melee,Melee,BossWin,68.8,1.000,0,0,0,0,0,6.363,451.6,0.009,0.666,0.160,0.166
159,CC,Melee,BossWin,72.5,1.000,0,0,0,0,0,7.350,515.2,0.006,0.754,0.109,0.131
160,Ranged,Ranged,EngageTimeout,90.0,1.000,0,0,0,0,0,4.139,626.2,0.006,0.705,0.113,0.176
161,Melee,Melee,BossWin,65.9,1.000,0,0,0,0,0,6.388,427.6,0.014,0.653,0.162,0.171
